Gloss	Belarusian	Bulgarian	Croatian	Czech	Latvian	Lithuanian	Polish	Russian	Slovak	Slovenian	Ukrainian
ALL	usʲɔ	vsiʧkɔ	sʋê	fʃˈɛxno	visː	ʋʲɪ̂sɐs	fʂˈɨstkɔ	vsʲɵ	fʃɛtkɔ	ʋsɛ˦	wsɛ
AND	i~dɨ	a~ta	i~tê	ˈa	un	ɪr	i	jɨ	i	in	ji
ANIMAL	ʐɨvʲɔla	ʒivɔtnɔ	ʒiʋǒtiɲa	zvˈiːr̝ɛ	ʣiːvniɛ̯ks	ɡʲiːʋǔːnɐs	zvʲjˈɛʐɛ	ʐɨvotnəjə	zvɪ̯era	ʒiʋaː˨l	twɑrɪnɑ
ASH	pɔpʲɛl	pɛpɛɫ	pêpeo	pˈopɛl	pælni	pɛɫɛnɐʲɪ̯ˑ	pˈɔpʲjuw	zɐɫa~pʲepʲɪɫ	pɔpɔɫ	pɛpɛː˨l	zɔlɑ~pɔpʲil
BACK	spina	ɡrɤp	lěːʥa~xř̩bat	zˈaːda~ɦr̝bˈɛt	muɡurɑ	nʊ̂ɡɐrɐ	plˈɛʦɨ~ɡʐbʲjɛt	spʲina	xr̩baːt	xrbɛ˦t	spɪnɑ
BAD	kʲɛpski	ɫɔʃ	lôʃ~ř̩ʥaʋ	ʃpˈatniː	zlikts	bɫǒːɡɐs~prǎstɐs	zwɨ	pɫɐxoj	zɫiː	malɔpriː˨dɛn	pɔɦɑnɪj~kɛpsʲkɪj
BARK	kara	kɔra	kôra	kˈuːra	mizɑ	ʒiəʋěː	kˈɔɾa	kɐra	kʊ̯ora	luː˨bjɛ~skɔː˨ra	kɔrɑ
BELLY	ʐɨvɔt	kɔrɛm	tř̩bux	br̝ˈɪxo	væːdærs	pʲɪ̂ɫˑʋɐs	bʐux	ʐɨvot	bruxɔ	trɛː˨bux	ʒɪvit
BERRY	jaɣada	pɫɔt	bǒːba~bǒbiʦa	bˈobulɛ	uɔ̯ɡɑ	ûəɡɐ	jaɡˈɔda	jaɡədə	bɔbuʎa	jaː˨ɡɔda	jɑɦɔdɑ
BIG	vʲaliki	ɛdɤr~ɡɔʎam	ʋêlik	vˈɛlkiː	diʃː~liɛ̯ls	dʲɪ̂dʲɪs~dʲɪ̂dɛlʲɪs	dˈuʐɨ~vʲjˈɛlkʲi	bɐlʲʂoj	vɛʎkiː	ʋeː˦lik	wɛlɪkɪj
BIRD	ptax~ptuʂka	ptiʦa	ptîʦa	ptˈaːk	pudns	pɒʊ̯ˑkʃtʲɪs	ptak	ptʲiʦə	ftaːk	pti˦ʧ~ptiː˨ʦa	ptɑx
BITE	kusaʦʲ	xapʲa~uxapʲa	ǔjesti~ɡrîsti	kˈou̯sat	kuɔ̯st	kâˑndʒʲɪotʲɪ	kˈɔw̃saʨ	kusatʲ	kuːsac	ɡriː˨sti	kusɑtɪ
BLACK	ʈ͡ʂɔrnɨ	ʧɛrɛn	ʦr̩̂ːn	ʧˈɛrniː	mælns	jûədɐs	t͡ʂˈaɾnɨ	ʨɵrnɨj	ʧɪ̯erni	ʧə˨rn	ʧɔrnɪj
BLOOD	krɔw	krɤf	kr̩̂ːʋ	krˈɛf	ɑsːins	krɒʊ̯ˑjɐs	kɾɛf	krofʲ	krʊ̯	kriː˨	krɔw
BONE	kɔsʦʲ	kɔst	kôːst	kˈost	kau̯ls	kâˑʊ̯ɫɐs	kɔɕʨ	kəsʲtʲ	kɔsc	kɔː˨st	kistkɑ
BREATHE	dɨxaʦʲ	diʃam	dǐːsati	dˈiːxat	ælpuɔ̯t	ɐɫsûətʲɪ~kʋeːpûətʲɪ	ɔddˈɨxaʨ	dɨʂatʲ	diːxac	diː˨xati	dɪxɑtɪ
CLOTHES	aʣʲɛnʲːɛ	drɛxi~ɔblɛkɫɔ	ǒdjeʨa	ʃˈatɪ~ʃˈatstvo	tæːrps~dreːbɛs	rǔːbɐʲɪ̯ˑ~drɐbʊ̂ʒʲɛʲɪ̯ˑ	ˈɔʥɛʂ	ɐdʲeʐdə	ʃati~ʃadzdvɔ	ɔblɛː˨ka	ɔdʲɑɦ~ubrɑnʲːɑ
CLOUD	vɔblaka	ɔbɫak	ôblaːk	mrˈak~ˈoblak	mɑːkuɔ̯nis	dɛbɛsʲɪ̂s	ˈɔbwɔk~xmˈuɾa	obɫəkə	ɔbɫak~mraʧnɔ	ɔblaː˨k	xmɑrɑ
COLD	xɔladnɨ	studɛn	xlǎːdan	stˈudɛniː	sɑlts~au̯ksts	ʃâˑɫtɐs	ʑˈimnɨ	xɐɫodnɨj	studɛniː	mə˨rzɛl~xlaː˨dɛn	xɔlɔdnɪj
COME	prɨjsʦi	ida~dɔjda	dǒːʨi	pr̝̊ˈɪjiːt	nɑːkt	ɐtɛʲɪ̯ˑtʲɪ	pʂɨjɕʨ	prʲijtʲi	priːsc	priː˨ti	prɪjtɪ
COUNT	liʈ͡ʂɨʦʲ	brɔja	brǒjiti	spˈoʧiːtat	skai̯tiːt	skɐʲɪ̯ˑʧʲɪûətʲɪ	lʲˈit͡ʂɨʨ	sʨitatʲ	pɔʧiːtac	ʃtɛː˨ti	lʲiʧɪtɪ
CRY	plakaʦʲ	pɫaʧa	plâkati	plˈakat	rau̯dɑːt	ʋɛ̂rˑktʲɪ	pwˈakaʨ	pɫakətʲ	pɫakac	jɔː˨kati~plaː˨kati	plɑkɑtɪ
CUT	rɛzaʦʲ	rɛʒa	rêzati	r̝ˈɛzat~str̝̊ˈɪɦat	ɡriɛ̯st~sɑɡriɛ̯st	pjâˑʊ̯tʲɪ~kʲɪ̂rˑptʲɪ	ʨɔɲʨ~kɾˈajaʨ	rʲezətʲ	rɛzac~striɦac	rɛː˨zati	rʲizɑtɪ
DANCE	tanʦavaʦʲ	tanʦuvam	plěsati	tˈanʧɪt	diɛ̯t~dɛjuɔ̯t~dɑnʦuɔ̯t	ʃôːktʲɪ	plˈɔw̃saʨ~tˈaɲt͡ʂɨʨ	plʲasətʲ~tənʦɪvatʲ	tanʦɔvac	plɛː˨sati	tɑnʦʲuwɑtɪ
DIE	pamʲɛrʦi	umra	ǔmrjeːti	ˈumr̝iːt	mirt~nuɔ̯mirt	mʲɪ̂rˑtʲɪ~nʊmʲɪ̂rˑtʲɪ	ˈumʐɛʨ	umʲɪrʲetʲ	umrɪ̯ec~zɔmrɪ̯ec	umrɛː˨ti	pɔmɛrtɪ
DIG	kapaʦʲ	kɔpaja	kǒpati~kôpkati	rˈiːt~kˈopat	rɑkt	kɑ̂stʲɪ	kˈɔpaʨ	kɐpatʲ	ric~kɔpac	kɔpaː˨ti~ɡreː˦bsti	kɔpɑtɪ
DIRTY	brudnɨ	mrɤsɛn	něʧist~blâtan	ʃpˈɪnaviː	nɛtiːrs~dubʎai̯ns	nɛʃʋɐrʊ̂s~pʊ̂rˑʋʲɪnɐs	bɾˈudnɨ	ɡrʲaznɨj	ʃpinaviː	umaː˨zan	brudnɪj
DOG	sabaka	kuʧɛ	pâs~psêto	pˈɛs	suns	ʃuə	pʲjɛs	sɐbakə	pɛs	pɛ˦s	sɔbɑkɑ
DRINK	piʦʲ	pija	pîti	pˈiːt	ʣɛrt	ɡêˑrtʲɪ	pʲiʨ	pʲitʲ	pic	piː˨ti	pɪtɪ
DRY	suxi	sux	sûːx	sˈuxiː	sau̯sː	sɒʊ̯ˑsɐs	sˈuxɨ	suxoj	suxiː	suː˨x	suxɪj
DUST	pɨl	prax	prâːx~prǎʃina	prˈax	putːɛɡʎi	dʊ̂ɫkeːs	pɨw~kuʂ	pɨlʲ	prax	praː˨x	pɪl
EAR	vuxa	uxɔ	ûxo	ˈuxo	au̯sː	ɒʊ̯ˑsʲɪ̂s	ˈuxɔ	uxə	uxɔ	uxɔː˨	wuxɔ
EAT	jɛsʦi	jam	jêsti	jˈiːst	eːst	ʋâˑɫɡʲiːtʲɪ	jɛɕʨ	jəsʲtʲ~kuʂətʲ	jɛsc	jɛː˨sti	jistɪ
EGG	jajka	jajʦɛ	jǎːje	vˈɛjʦɛ	uɔ̯lɑ	kʲɛʊ̯ˑʃʲɪ̂nʲɪs	jˈajkɔ	jəjʦo	vajʦɛ~vajiːʧkɔ	jaː˨jʦɛ	jɑjʦɛ
EIGHT	vɔsʲɛm	ɔsɛm	ôsam	ˈosm̩	ɑstuɔ̯ɲi	ɐʃtuənʲɪ̂	ˈɔɕɛm	vosʲɪmʲ	ɔsɛm	ɔː˨sɛm	visʲim
EYE	vɔka	ɔkɔ	ôko	ˈoko	ɑʦ	ɐkʲɪ̂s	ˈɔkɔ	ɡɫas	ɔkɔ	ɔkɔː˨	ɔkɔ
FALL	padaʦʲ	padam	pâdati	pˈadat	ɡrist	pʊ̂ɫtʲɪ~krʲɪ̂stʲɪ	pˈadaʨ	padətʲ	padac	paː˨dati	pɑdɑtɪ
FAR	dalʲɔki	dalɛʧɛn	dǎlek~dâːʎɲiː	dˈalɛkiː	tɑːls	tôːlʲɪmɐs	dalˈɛkʲi	dɐlʲɵkij	ɟaɫɛkiː	daː˨lɛʧ	dɑlɛkɪj
FATHER	baʦʲka	baʃta	ǒtaʦ	ˈotɛʦ	tæːfs	têːʋɐs	ˈɔjʨɛʦ	ɐtʲeʦ	ɔtɛʦ	oː˦ʧɛ	bɑtʲkɔ
FEATHER	pʲarɔ	pɛrɔ	pěro	pˈɛro	spɑlvɑ	pɫʊ̂nksnɐ	pʲjˈuɾɔ	pʲɪro	pɛrɔ	pɛrɔː˨	pɛrɔ
FIGHT	baraʦʲba	bɔrba~sraʒɛniɛ	bôːj~bǒrba	bˈoj	ʦiːɲɑ	koʋɑ̂	buj~vˈalka	bɐrʲba	bɔj	bɔ˦j~bɔː˨rba	bij~bɔrɔdʲbɑ
FIRE	aɣɔnʲ	ɔɡɤn	ʋâtra	ˈoɦɛɲ	uɡuns	ʊɡnʲɪ̂s	ˈɔɡʲjɛɲ	ɐɡonʲ	ɔɦɛɲ	oː˦ɡɛn	wɔɦɔnʲ
FISH	rɨba	riba	rîba	rˈɪba	zifs	ʒʊʋʲɪ̂s	ɾˈɨba	rɨbə	riba	riː˨ba	rɪbɑ
FIVE	pʲaʦʲ	pɛt	pêːt	pjˈɛt	piɛ̯ʦi	pɛnkʲɪ̂	pʲjɛɲʨ	pʲatʲ	pæc	pɛː˨t	pjɑtʲ
FLOW	ʦʲaʈ͡ʂɨ	tɛka	těʨi	tˈɛːʦt	tɛʦeːt	tɛkêːtʲɪ	ʨɛʦ~pwˈɨnɔɲʨ	tʲeʨ	tɪ̯eʦc	teː˦ʧi	tɛktɪ
FLOWER	kvʲɛtka	ʦvɛtɛ	ʦʋjeː̂t	kvjˈɛcɪna	pucːɛ~ziɛ̯ts	ɡeːɫěː	kfʲjat	ʦvʲɪtok	ɡvɛt~ɡvɛtina	ʦʋɛtliː˨ʦa	kvitkɑ
FOG	tuman	mɤɡɫa	mǎɡla	mˈl̩ɦa	miɡlɑ	mʲɪɡɫɑ̂~rûːkɐs	mɡwa	tuman	ɦmɫa	mɛɡla˦	tumɑn
FOOT	naɣa	krak~nɔɡa	nǒɡa~stǒpalo	nˈoɦa	kɑːjɑ	peːdɑ̂	stˈɔpa	stupnʲa	nɔɦa	noː˦ɡa	nɔɦɑ
FOREST	lʲɛs	ɡɔra	ʃûma	lˈɛs	mɛʃː	mʲɪ̂ʃkɐs	las	lʲes	ɫɛs~ɦɔra	lɛː˨s~ɡɔ˦zd	lʲis
FOUR	ʈ͡ʂatɨrɨ	ʧɛtiri	ʧětiri	ʧtˈɪr̝ɪ	ʧɛdri	kɛtʊrʲɪ̂	t͡ʂtˈɛɾɨ	ʨɪtɨrʲɪ	ʃtiri	ʃtiː˨ri	ʧɔtɪrɪ
FREEZE	zamʲɛrznuʦʲ	zamrɤzna	smr̩̂znutise	zˈamr̩znou̯t	sɑsːɑlt	ʊʒʃâˑɫtʲɪ	zamˈaʐnɔɲʨ	zɐmʲɵrznutʲ	zamr̩znuːt	zmə˨rzniti	zmɛrznutɪ
GIVE	daʦʲ	dam	dâti	dˈaːt	duɔ̯t~pɑduɔ̯t	dûətʲɪ~pɐdûətʲɪ	daʨ	datʲ	dac	daː˨ti	dɑtɪ
GOOD	dɔbrɨ	dɔbɤr	dôbar	dˈobriː	lɑps	ɡɛ̌rɐs	dˈɔbɾɨ	xɐroʂɨj	dɔbriː	dɔː˨bɛr	dɔbrɪj
GRASS	trava	trɛva	trǎːʋa	trˈaːva	zɑːlɛ	ʒoɫěː	tɾˈava	trɐva	traːva	traː˨ʋa	trɑwɑ
GREEN	zʲalʲɔnɨ	zɛlɛn	zělen	zˈɛlɛniː	zɑʎʃ	ʒǎlʲɛs	ʑɛlˈɔnɨ	zʲɪlʲɵnɨj	zɛɫɛniː	zɛlɛ˦n	zɛlɛnɪj
HAIR	vɔlas~valasɨ	kɔsa~kɔsɤm	kǒsa	vlˈas~vlˈasɪ	mɑts	pɫɒʊ̯ˑkɐʲɪ̯ˑ	vwɔs~vwˈɔsɨ	voɫəs~voɫəsɨ	vɫas	laː˨s	wɔlɔsʲːɑ
HAND	kisʦʲ	rɤka~kitka	rǔːka	rˈuka	ruɔ̯kɑ~blau̯kstɑ	rɐnkɑ̂~pɫǎʃtɐkɐ	dwɔɲ	kisʲtʲ	ruka	roː˦ka	rukɑ
HEAD	ɣalava	ɡɫava	ɡlǎːʋa	ɦlˈava	ɡɑlvɑ	ɡɐɫʋɑ̂	ɡwˈɔva	ɡəɫɐva	ɦɫava	ɡlaː˨ʋa	ɦɔlɔwɑ
HEAR	ʈ͡ʂuʦʲ	ʧuvam	ʧûti	slˈɪʃɛt	ʣirdeːt	ɡʲɪrdêːtʲɪ	swˈɨʂɛʨ	sɫɨʂətʲ	pɔʧuːvac	sliː˨ʃati	ʧutɪ
HEART	sɛrʦa	sɤrʦɛ	sr̩̂ʦe	sˈr̩ʦɛ	sirts	ʃʲɪrdʲɪ̂s	sˈɛɾʦɛ	sʲerdʦə	sr̩ʦɛ	srʦɛː˨	sɛrʦɛ
HERE	tut	tuk~tuka	tûː~ǒːʋdje	zdˈɛ~tˈadɪ	tɛ~ʃɛi̯t	ʧʲɛ̂	tu~tˈutaj	zdʲesʲ	tu	tu˦~tuː˨kaj	tut
HOLD	trɨmaʦʲ	dɤrʒa	dř̩ʒati	dˈr̩ʒɛt	tureːt~sɑtːureːt	ɫɐʲɪ̯ˑkîːtʲɪ~pɐɫɐʲɪ̯ˑkîːtʲɪ	tʂˈɨmaʨ	dʲɪrʐatʲ	dr̩ʒac	drʒaː˨ti	trɪmɑtɪ
HOW	jak	kak	kâko	jˈak	kɑː	kɐʲɪ̯ˑp	jak	kak	akɔ	kakɔː˨	jɑk
HUNDRED	stɔ	stɔ	stôː	stˈo	simt	ʃʲɪ̂mˑtɐs	stɔ	sto	stɔ	stɔː˨	stɔ
HUNT	palʲavaʦʲ	ɫɔvuvam	lǒʋiti	ˈuɦoɲɪt	mɛdiːt	mɛdʒʲɪôːtʲɪ	pɔlˈɔvaʨ	ɐxotʲitʲsʲɪ	pɔʎɔvac	lɔʋiː˨ti	pɔlʲuwɑtɪ
HUSBAND	muʐ	sɤpruk	mûːʒ~sǔpruɡ	xˈoc~mˈanʒɛl	viːrs	ʋîːrɐs	mɔw̃ʂ	muʂ	muʃ~manʒɛɫ	mɔː˨ʒ~sɔprɔː˨ɡ	ʧɔlɔvik
I	ja	as	jâː	jˈaː	ɛs	ɑ̂ʃ	ja	ja	ja	ja˦z	jɑ
ICE	lʲɔd	lɛt	lêːd	lˈɛt	lædus	ɫɛ̌dɐs	lut	lʲɵt	ʎat	lɛː˨d	lʲid
KILL	zabiʦʲ	ubija~umɤrtvʲa	ǔbiti	zˈabiːt	nɑːveːt~nuɔ̯ɡɑlinɑːt	ʒʊdîːtʲɪ~nʊʒʊdîːtʲɪ	zˈabʲiʨ	ubʲitʲ	zabic~usmr̩tic	ubiː˨ti	ubɪtɪ
LAKE	vɔzʲɛra	ɛzɛrɔ	jêzero	jˈɛzɛro	ɛzɛrs	ɛ̌ʒɛrɐs	jɛʑˈɔɾɔ	ozʲɪrə	jazɛrɔ	jɛː˨zɛrɔ	ɔzɛrɔ
LAUGH	smʲajatʦa	smɛjasɛ	smǐjatise	smˈaːt sˈɛ	zmiɛ̯t~zmiɛ̯tiɛ̯s	juəktʲɪs	ɕmʲjaʨ ɕɛ	smʲɪjatʲsʲɪ	smɪ̯acsa	smɛjaː˨tisɛ	smijɑtɪsʲɑ
LEAF	list	list	lîːst	lˈupɛn	lɑpːɑ	ɫǎpɐs	lʲiɕʨ	lʲist	ɫist	liː˨st	lɪst
LEG	naɣa	krak~nɔɡa	nǒɡa	nˈoɦa	kɑːjɑ	kôːjɐ	nˈɔɡa	nɐɡa	nɔɦa	noː˦ɡa	nɔɦɑ
LIVER	pʲɛʈ͡ʂanʲ	ʧɛrɛndrɔp	jêtra	jˈaːtra	ɑɡnɑs	kɛ̌pɛnʲiːs	vɔntɾˈɔba	pʲeʨɪnʲ	pɛʧɛɲ	jɛː˨tra	pɛʧjinkɑ
LONG	dɔwɣi	dɤɫɤk	dûɡ~dûɡaʧak	dlˈou̯ɦiː	ɡɑrʃ	ɪ̂ɫɡɐs	dwˈuɡʲi	dlʲinnɨj	dɫ̩ɦiː	dɔː˨lɡ	dɔwɦɪj
LOUSE	vɔʂ	vɤʃka	ûːʃ	vˈɛʃ	uts	ʊteːɫěː	vɛʂ	voʂ	vɔʃ	uː˨ʃ	wɔʃɑ
MAN	muʐʈ͡ʂɨna	mɤʃ	muʃkǎːraʦ	mˈuʃ	viːriɛ̯tis	ʋîːrɐs~ʋʲiːrʲɪ̂ʃkʲɪs	mɛw̃ʂt͡ʂˈɨzna	muʐʨinə	muʃ~xɫap	mɔː˨ʒ~moː˦ʃki	ʧɔlɔvik
MEAT	mʲasa	mɛsɔ	mêːso	mˈaso	ɡɑʎɑ	meːsɑ̂	mʲjˈɛw̃sɔ	mʲasə	mæsɔ	mɛsɔː˨	mjɑsɔ
MOTHER	maʦi	majka	mâːjka	mˈatka	mɑːtɛ	môːtʲɪnɐ	mˈatka	matʲ	mac~matka	maː˨ma	mɑtɪ
MOUNTAIN	ɣara	pɫanina	br̩̂do	ɦˈora	kɑlns	kâˑɫnɐs	ɡˈuɾa	ɡɐra	ɦɔra	ɡoː˦ra~planiː˨na	ɦɔrɑ
MOUTH	rɔt	usta	ǔːsta	pˈusa	mutːɛ	bʊrnɑ̂	ˈusta	rot	uːsta	uː˨sta	rɔt
NAME	imʲa	imɛ	îme	jmˈɛːno	vɑːrts	ʋɐ̂rˑdɐs	ˈimʲjɛ	jɨmʲɪ	mɛnɔ	imɛː˨	jimjɑ
NARROW	vuzki	tɛsɛn	ǔskiː~ûzak	ˈuːskiː	tiɛ̯fs	smʊ̂ɫkʊs	vˈɔw̃skʲi	uzkij	uːski	ɔː˨zɛk	wuzʲkɪj
NEAR	blizki	blizɤk	blîzak	blˈiːskiː	tufs	ɐ̂rˑtʲɪmɐs	blʲˈiskʲi	blʲizkij	bɫiːski	bliː˨ʒni	blɪzʲkɪj
NECK	ʂɨja	vrat	ʋrâːt	kˈr̩k	kɑɡls	kǎkɫɐs	ʂˈɨja	ʂɛjə	kr̩k	ʋraː˨t	ʃɪjɑ
NEW	nɔvɨ	nɔf	nôʋ	nˈoviː	jau̯ns	nɒʊ̯ˑjɐs	nˈɔvɨ	novɨj	nɔviː	nɔ˦ʋ	nɔwɪj
NIGHT	nɔʈ͡ʂ	nɔʃt	nôːʨ	nˈoʦ	nɑkts	nɐktʲɪ̂s	nɔʦ	noʨ	nɔʦ	nɔː˨ʧ	nʲiʧ
NINE	ʣʲɛvʲaʦʲ	dɛvɛt	dêʋeːt	dˈɛvjɛt	dɛviɲi	dɛʋʲiːnʲɪ̂	ʥˈɛvʲjɛɲʨ	dʲevʲɪtʲ	dɛvæc	dɛʋɛː˨t	dɛwjɑtʲ
NOSE	nɔs	nɔs	nôːs	nˈos	dæɡuns	nôːsʲɪs	nɔs	nos	nɔs	nɔː˨s	nʲis
NOT	nʲɛ	nɛ	nê	nˈɛ	nɛ	nɛ̂	ɲɛ	nʲe	nɪ̯e	nɛ	nɛ
ONE	aʣin	ɛdin	jědan	jˈɛdɛn	viɛ̯ns	ʋîənɐs	jˈɛdɛn	ɐdʲin	jɛdɛn	eː˦dɛn	ɔdɪn
OTHER	inʂɨ~druɣi	druk	drûɡiː~druɡǎʧijiː	jˈɪniː	uɔ̯drs	kʲɪ̂tɐs	ˈinnɨ	druɡoj	iniː~druɦiː	druː˨ɡi	jinɑkʃɪj
PERSON	ʈ͡ʂalavʲɛk	ʧɔvɛk	ʧǒʋjek	ʧlˈovjɛk	ʦilvæːks	ʒmoɡʊ̂s	t͡ʂwˈɔvʲjɛk	ʨɪɫɐvʲek	ʧɫɔvɛk	ʧloː˦ʋɛk	lʲudɪnɑ
PLAY	ɣulʲaʦʲ	iɡraja	ǐɡratise	ɦrˈaːt	speːleːt~speːleːtiɛ̯s	ɡrôːtʲɪ~ʒɐʲɪ̯ˑstʲɪ	ɡɾaʨ~bˈavʲiʨ ɕɛ	jɨɡratʲ	ɦrac	iɡraː˨tisɛ	ɦrɑtɪ
PULL	ʦʲaɣnuʦʲ	tɛɡʎa~drɤpna	ʋǔːʨi	tˈaɦat~tˈaːɦnou̯t	vilkt	tɛ̂mˑptʲɪ	ʨˈɔŋɡnɔɲʨ	tʲɪnutʲ	caɦac	ʋlɛː˨ʧi	tʲɑɦnutɪ
PUSH	pxaʦʲ~ʂturxaʦʲ	tikam	ɡǔːrati	pˈosou̯vat	stumt	stʊ̂mtʲɪ	pxaʨ~pɔsˈuvaʨ	tɐɫkatʲ	pɔsunɔvac	riː˨niti	pxɑtɪ~ʃtɔwxɑtɪ
RED	ʈ͡ʂɨrvɔnɨ	ʧɛrvɛn	ʦř̩ʋen	rˈudiː~ʧˈɛrvɛniː	sɑrkɑns	rɒʊ̯ˑdôːnɐs	t͡ʂɛɾvˈɔnɨ	krasnɨj	ʧɛrvɛniː	rdɛ˦ʧ	ʧɛrwɔnɪj
RIVER	raka	rɛka	rjeː̌ka	r̝ˈɛka	upːɛ	ʊ̂peː	ʐˈɛka	rʲɪka	rɪ̯eka	rɛː˨ka	rʲiʧkɑ
ROAD	vuliʦa	ʃɔsɛ	drûm~ʦêsta	sˈɪlɲɪʦɛ	iɛ̯lɑ	ɡǎtʋeː	ulʲˈiʦa	ulʲiʦə~dɐroɡə	ɦratskaː	ʦɛː˨sta	wulɪʦʲɑ
ROOT	kɔranʲ	kɔrɛn	kôrjeːn	kˈor̝ɛn	sɑɡnɛ	ʃɐknʲɪ̂s	kˈɔʐɛɲ	korʲɪnʲ	kɔrɛɲ	kɔrɛniː˨na	kɔrʲinʲ
RUB	ʦʲɛrʦi	trija~tɤrkam	tr̩̂ti	tr̝̊ˈiːt	riːveːt~bɛrzeːt	trʲɪ̂ntʲɪ~tɐrkûətʲɪ	tʂɛʨ	tʲɪrʲetʲ	trɪ̯ec	trɛː˨ti~də˨rɡniti	tɛrtɪ
SALT	sɔlʲ	sɔɫ	sôːl	sˈuːl	sɑːls	drʊskɑ̂	sul	solʲ	sɔʎ	sɔː˨l	sʲilʲ
SAND	pʲasɔk	pʲasɤk	pjeːsak	pˈiːsɛk	zmiltis	směːlʲɪs	pʲjˈasɛk	pʲɪsok	pɪ̯esɔk	pɛː˨sɛk	pʲisɔk
SEA	mɔra	mɔrɛ	môːre	mˈor̝ɛ	juːrɑ	jûːrɐ	mˈɔʐɛ	morʲɪ	mɔrɛ	mɔː˨rɛ	mɔrɛ
SEE	baʈ͡ʂɨʦʲ	viɟa	ʋîdjeti	vˈɪɟɛt	rɛʣeːt	ʒʲɪuːreːtʲɪ	vʲˈiʥɛʨ~zɔbˈat͡ʂɨʨ	vʲidʲɪtʲ	vidɪ̯ec	ʋiː˨dɛti	bɑʧɪtɪ
SEED	sʲɛmʲa	sɛmɛ	sjěmeːɲe	ˈosɪvo	sæːɡlɑ	sêːkɫɐ	ɕɛf	sʲemʲɪ	ɔsivɔ	sɛː˨mɛ	sʲimjɑ
SEVEN	sʲɛm	sɛdɛm	sêdam	sˈɛdm̩	sɛptiɲi	sɛptʲiːnʲɪ̂	ɕˈɛdɛm	sʲemʲ	sɛdɛm	sɛː˨dɛm	sʲim
SEW	ʂɨʦʲ	ʃija	ʃîti	ʃˈiːt	ʃuːt	sʲɪûːtʲɪ	ʂɨʨ	ʂɨtʲ	ʃic	ʃiː˨ʋati	ʃɪtɪ
SHARP	vɔstrɨ	ɔstɤr	ôʃtar~brîdak	ˈostriː	ɑsː	ɐʃtrʊ̂s	ˈɔstɾɨ	ostrɨj	ɔstriː	ɔː˨stɛr	ɦɔstrɪj
SHOOT	stralʲaʦʲ	strɛʎam	pûʦati~strjeː̌ʎati	str̝̊ˈiːlɛt	ʃau̯t~ʃau̯diːt	ʃâˑʊ̯tʲɪ~ʃâˑʊ̯dʲiːtʲɪ	stʂˈɛlaʨ	strʲɪlʲatʲ	strɛɫic~strɪ̯eʎac	strɛː˨lati	strʲilʲɑtɪ
SHORT	karɔtki	kɤs	krǎːtak	krˈaːtkiː	iːsː	trʊ̂mˑpɐs	kɾˈutkʲi	kɐrotkij	kraːtki	kraː˨tɛk	kɔrɔtkɪj
SING	pʲɛʦʲ~spʲavaʦʲ	pɛja	pjêʋati	spˈiːvat	ʣiɛ̯dɑːt	dɐʲɪ̯ˑnûətʲɪ	ɕpʲjˈɛvaʨ	pʲetʲ	spɪ̯evac	pɛː˨ti	spʲiwɑtɪ
SIT	sʲaʣʲɛʦʲ	sɛɟa	sjěditi	sˈɛɟɛt	seːdeːt	seːdêːtʲɪ	ɕˈɛʥɛʨ	sʲidʲetʲ	sɛdɪ̯ec	sɛdɛː˨ti	sɪdʲitɪ
SIX	ʂɛsʦʲ	ʃɛst	ʃêːst	ʃˈɛst	sɛʃːi	ʃɛʃʲɪ̂	ʂɛɕʨ	ʂəsʲtʲ	ʃɛsc	ʃɛː˨st	ʃjistʲ
SKIN	skura	kɔʒa	pût~kôʒa	kˈuːʒɛ	ɑːdɑ	ôːdɐ	skˈuɾa	koʐə	kɔʒa	kɔː˨ʒa	ʃkirɑ
SKY	nʲɛba	nɛbɛ	nêbo	nˈɛbɛ	dɛbɛsː	dɐnɡʊ̂s	ɲˈɛbɔ	nʲebə	nɛbɔ	nɛbɔː˨	nɛbɔ
SLEEP	spaʦʲ	spʲa	spâti	spˈaːt	ɡuleːt	miəɡôːtʲɪ	spaʨ	spatʲ	spac	spaː˨ti	spɑtɪ
SMALL	malʲɛnʲki	maɫɤk~drɛbɛn	mâːliː~mǎlen	mˈaliː	mɑsː	mǎʒɐs	mˈawɨ	malʲɪnʲkij	maɫiː	maː˨jxɛn	mɑlɪj~mɑlɛnʲkɪj
SMOOTH	ɣladki	ɡɫadɤk	ɡlâdak	ɦlˈatkiː	ɡluts~zlidæns	slʲɪdʊ̂s	ɡwˈatkʲi	ɡɫadkij	ɦɫatkiː	ɡlaː˨dɛk	rʲiwnɪj~ɦlɑdɛnʲkɪj
SNAKE	zmʲaja	zmija	ɡǔːja~zmǐja	ɦˈat	ʧuːskɑ	ɡʲiːʋǎteː	vɔw̃ʂ~ʐmʲˈija	zmʲɪja	ɦat	kaː˨ʧa	zmijɑ
SNOW	snʲɛɣ	snʲak	snjeː̂ɡ	sɲˈiːx	zniɛ̯ks	sniəɡɐs	ɕɲɛk	snʲek	snɛx	snɛː˨ɡ	snʲiɦ
SPEAK	ɣavarɨʦʲ	ɡɔvɔrʲa	ɡoʋǒriti	mlˈuvɪt	runɑːt	kɐɫbêːtʲɪ	mˈuvʲiʨ	ɡəvɐrʲitʲ	ɦɔvɔric	ɡɔʋɔriː˨ti	ɦɔwɔrɪtɪ
STAND	stajaʦʲ	stɔja	stâjati	stˈaːt	stɑːveːt	stoʋêːtʲɪ	staʨ	stɐjatʲ	staːc	staː˨ti	stɔjɑtɪ
STAR	zɔrka	zvɛzda	zʋjeː̌zda	ɦvjˈɛzda	zvai̯ɡznɛ	ʒʋɐʲɪ̯ˑɡʒděː	ɡvʲjˈazda	zvʲɪzda	ɦvɪ̯ezda	zʋɛː˨zda	zʲirkɑ
STICK	palka	prɤt~tɔjaɡa	ʃtâːp~pâliʦa	ɦˈuːlka	buɔ̯zɛ~spiɛ̯cis	ɫɐzdɑ̂	kʲij~lˈaska	paɫkə	paɫiʦa	paː˨liʦa	pɑlɪʦʲɑ
STUPID	durnɨ	ɡɫupaf	ɡlûːp	ɦlˈou̯piː	stulps~muʎciːks	pɐʲɪ̯ˑkɐs~kʋɐʲɪ̯ˑɫɐs	ɡwˈupʲi	ɡɫupɨj	ɦɫuːpi	ɡluː˨p~bɛː˨dast	durnɪj
SUN	sɔnʦa	sɫɤnʦɛ	sûːnʦe	slˈunʦɛ	sau̯lɛ	sâˑʊ̯ɫeː	swˈɔɲʦɛ	sonʦə	sɫ̩ŋkɔ	sɔː˨nʦɛ	sɔnʦɛ
SWIM	plavaʦʲ	pɫuvam	plîʋati	plˈavat	pɛldeːt	pɫɒʊ̯ˑktʲɪ	pwˈɨvaʨ	pɫavətʲ	pɫaːvac	plaː˨ʋati	plɪwtɪ~plɑwɑtɪ
TAIL	xvɔst	ɔpaʃka	rêːp	ˈoʦas	ʎipːɑ	uədɛɡɑ̂	ˈɔɡɔn	xvost	ɣvɔst	rɛ˦p	xvist
TEN	ʣʲɛsʲaʦʲ	dɛsɛt	dêseːt	dˈɛsɛt	dɛzmit	dɛ̌ʃʲɪmt	ʥˈɛɕɛɲʨ	dʲesʲɪtʲ	dɛsac	dɛsɛː˨t	dɛsʲɑtʲ
THAT	tɔjɛ	tuj~tɔva	tôː~ǒnoː	tˈo	tɑs	tɑ̂t	tɔ	to	tɔ	tɔː˨	tɔ
THERE	tam	tam	ǒːndje	tˈam	tur	tɛ̂nˑ~tɛnɐʲɪ̯ˑ	tam	tam	tam	ta˦m	tɑm
THEY	janɨ	tɛ	ǒni	ˈoɲɪ	viɲi~viɲɑs	jɪ̂~jǒːs	ˈɔɲi	ɐnʲi	ɔni	oː˦ni	wɔnɪ
THICK	tɔwstɨ	dɛbɛɫ	děbeo	tlˈustiː	biɛ̯sː	stôːrɐs	ɡɾˈubɨ	toɫstɨj	tɫ̩stiː	deː˦bɛl	tɔwstɪj
THIS	ɣɛta	tɔzi	ǒʋoː	tˈoto~tˈoɦlɛ	ʃis	ʃʲɪ̂s~ʃʲɪ̂tɐs	tɔ	ɛtə	tɔ~taːtɔ	tɔː˨	ʦɛ
THOU	tɨ	ti	tîː	tˈɪ	tu	tʊ̂	tɨ	tɨ	ti	tiː˨	tɪ
THREE	trɨ	tri	trîː	tr̝̊ˈɪ	driːs	trǐːs	tʂɨ	trʲi	tri	triː˨	trɪ
THROW	kidaʦʲ	xvɤrʎa	bǎʦati	ɦˈaːzɛt	mɛst~zviɛ̯st	mɛ̂stʲɪ~sʋîəstʲɪ	ʐˈuʦaʨ	brɐsatʲ	ɦɔdic~vr̩ɦnuːc	luː˨ʧati	kɪdɑtɪ
TIE	vʲazaʦʲ	vɤrʒa	ʋěːzati	pr̝̊ˈɪvaːzat	siɛ̯t~ɑptiːt	rʲɪ̂ʃtʲɪ~sʊrʲɪ̂ʃtʲɪ	vʲjˈɔw̃zaʨ	vʲɪzatʲ	zavɪ̯azac~privɪ̯azac	ʋɛː˨zati	wjɑzɑtɪ
TONGUE	jazɨk	ɛzik	jězik	jˈazɪk	meːlɛ	ɫiəʒʊ̂ʋʲɪs	jˈɛw̃zɨk	jɐzɨk	jazik	jeː˦zik	jɑzɪk
TOOTH	zub	zɤp	zûːb	zˈup	zuɔ̯ps	dɐntʲɪ̂s	zɔmp	zup	zup	zɔː˨b	zub
TREE	drɛva	dɤrvɔ	dr̩̂ʋo~stǎːblo	strˈom	kuɔ̯ks	mɛ̌dʲɪs	dʐˈɛvɔ	dʲerʲɪvə	strɔm	drɛʋɔː˨	dɛrɛwɔ
TWENTY	dvatʦaʦʲ	dvajsɛt~dvadɛsɛt	dʋǎːdeseːt	dvˈaʦɛt	divdɛzmit	dʋʲɪ̂dɛʃʲɪmt	dvaʥˈɛɕʨa	dvadʦətʲ	dvatsac	dʋaː˨jsɛt	dwɑdʦʲɑtʲ
TWO	dva	dva	dʋâː	dvˈa	divi	dʊ̂	dva	dva	dva	dʋaː˨	dwɑ
WALK	xaʣiʦʲ	xɔɟa	xǒːdati	bjˈɛʒɛt	iɛ̯t~sɡrai̯diːt	ɛʲɪ̯ˑtʲɪ	xˈɔʥiʨ	xɐdʲitʲ	bɛʒac	xɔdiː˨ti	xɔdɪtɪ
WARM	ʦʲɔplɨ	tɔpɤɫ	tôpao	tˈɛpliː	silts	ʃʲɪ̂ɫˑtɐs	ʨˈɛpwɨ	tʲɵpɫɨj	tɛpɫiː	toː˦pɛl	tɛplɪj
WASH	mɨʦʲ	mija~pɛra	prâti	mˈiːt	mɑzɡɑːt	pɫâˑʊ̯tʲɪ~mɐzɡôːtʲɪ~skɐ̂ɫˑbtʲɪ	pɾaʨ	sʲtʲiratʲ	mic	ɔpraː˨ti	mɪtɪ
WATER	vada	vɔda	ʋǒda	vˈoda	uːdɛns	ʋɐnduə	vˈɔda	vɐda	vɔda	ʋoː˦da	wɔdɑ
WE	mɨ	niɛ	mîː	mˈɪ	meːs	mɛ̌s	mɨ	mɨ	mi	miː˨	mɪ
WET	mɔkrɨ	mɔkɤr	môkar	mˈokriː	zlɑbjʃ	ʃɫǎpʲɛs	mˈɔkɾɨ	mokrɨj	mɔkriː	mɔː˨kɛr	mɔkrɪj
WHAT	ʂtɔ	ʃtɔ~kakvɔ	ʃtô	ʦˈo	kɑs	kɑ̂s	ʦɔ	ʂto	ʧɔ	kaː˨j	ʃʧɔ
WHERE	ʣʲɛ	kɤdɛ	ɡdjê	ɡdˈɛ	kur	kʊ̂rˑ	ɡʥɛ	ɡdʲe	ɡdɛ	kjɛː˨	dɛ
WHITE	bʲɛlɨ	bʲaɫ	bîo~bjeː̂l	bˈiːliː	bɑlts	bâˑɫtɐs	bʲjˈawɨ	bʲeɫɨj	bɪ̯eɫi	bɛː˨l	sɪwɪj
WHO	xtɔ	kɔj	tkô	ɡdˈo	kɑs	kɑ̂s	ktɔ	kto	ktɔ	kdɔː˨	xtɔ
WIDE	ʂɨrɔki	ʃirɔk	ʃǐrok	ʃˈɪrokiː	blɑts	pɫɐtʊ̂s	ʂɛɾˈɔkʲi	ʂɨrokij	ʃirɔkiː	ʃirɔ˦k	ʃɪrɔkɪj
WIFE	ʐɔnka	sɤpruɡa	ʒěna~sǔpruɡa	xˈoc~mˈanʒɛlka	siɛ̯vɑ	ʒmonɑ̂	ʐˈɔna	ʐɪna	ʒɛna~manʒɛɫka	ʒeː˦na~sɔprɔː˨ɡa	ʒjinkɑ~druʒɪnɑ
WIND	vʲɛʦʲɛr	vʲatɤr	ʋjêtar	vˈiːtr̩	veːjʃ	ʋêːjɐs	vʲjatɾ	vʲetʲɪr	vɪ̯etɔr	ʋɛː˨tɛr	vitɛr
WING	krɨlɔ	kriɫɔ	krǐːlo	kr̝̊ˈiːdlo	spɑːrns	spɐ̂rˑnɐs	skʂˈɨdwɔ	krɨɫo	kriːdɫɔ	kriː˨lɔ	krɪlɔ
WIPE	vɨʦʲɛrʦi	izbɤrʃa	ǒtr̩ti	ˈutr̝̊iːt	nuɔ̯zlau̯ʦiːt	nʊʃɫûəstʲiːtʲɪ	ɔbˈɛtʂɛʨ	vɨtʲɪrʲɪtʲ	utrɪ̯ec	ɔbriː˨sati	wɪtɛrtɪ
WOMAN	ʐanʈ͡ʂɨna	ʒɛna	ʒěna	ʒˈɛna	siɛ̯viɛ̯tɛ	môːtɛrʲɪs	kɔbʲjˈɛta	ʐɛnɕːinə	ʒɛna	ɡɔspaː˨~ʒɛː˨nska	ʒjinkɑ
WORM	ʈ͡ʂarvʲak	ʧɛrvɛj	ʦr̩̂ːʋ	ʧˈɛrf	tɑːrps	kʲɪrmeːɫěː	ɾˈɔbak	ʨɪrvʲak	ʧɛrʊ̯	ʧə˦rʋ~ɡliː˨sta	ʧɛrwjɑk
YEAR	ɣɔd	ɡɔdina	ɡôdina	rˈok	ɡɑts	mɛ̌tɐʲɪ̯ˑ	ɾɔk	ɡot	rɔk	lɛː˨tɔ	rʲik
YELLOW	ʐɔwtɨ	ʒɤɫt	ʒûːt	ʒlˈutiː	ʣæltæns	ɡɛɫtôːnɐs	ʐˈuwtɨ	ʐoɫtɨj	ʒɫ̩tiː	ʒɔː˨lt~rumɛ˦n	ʒɔwtɪj
YOU	vɨ	viɛ	ʋîː	vˈɪ	juːs	jǔːs	vɨ	vɨ	vi	ʋiː˨	wɪ
