Gloss	Arabic (MSA)	Chadian (Western Sudanic)	Cypriot (Kormakitis)	Dhofari (Oman)	Egyptian (Lower Egyptian)	Gulf (Emirati)	Hassaniya (Mauritanian)	Iraqi (Southern Iraq/Baghdad)	Levantine (Central/Syro-Lebanese)	Maltese	Moroccan (Casablanca)	Moslawi (Northern Iraq)	Najdi (Riyadh)	Sanaani (Sana'a)	Sudanese (Khartoum)	Tunisian (Tunis)
I	ʔanaː	ana	ana	aːnaː	ana~dana	ɑːna	aːna	ʔɑːniː	ʔɑnɑ~ʔana	jɪːn	anɑ~anajɑ	anɑː	ana	ʔanɛ	ana	ɛːnɛ~aːna
all	kull~kaːmil~ʤamiːʕ	kulla	kull	kull	kɔll	kɛll	kaːməl~kaːmliːn	kull	kɛll	kull	kul~ɡɛʕ	kill~kaːməl	kɛll~ʤəmiːʕ	kull~ɡʲaːmiʕ	kull	kul
and	wa	wa	u	wa	wɔ~w-	w-~wɑ	u~w	wɛ~w-	u	u	u-	u~w-	w-~wɑ	wa~w-	wa~u	uː
animal	ħajwaːn~daːbba~bahiːma	hajawaːn	xɛván	naʃara~ħɛːwaːn	ħajawaːn	ħajawɑːn~sɑːnja	ħʌjwaːn~baxnuːs	ʜajwɑːn	ħɑjwaːn~daːbbi	annimal~bhima	ħəjwan	ħʌjwaːn	ħajawaːn	ħajawaːn~daːbbih	bahiːma~ħajawɑːn~waħʃ	ħajawaːn
ash	rɑmaːd	rumaːd	rmat	riːd	rɑmɑːd	rmɑːd	rmɑːd	rmˤɑːd	rimɛːd	rmɪːd̥	rmɑdˤ	ɣɑmɑːd	rɛmɑːd	rɑmaːd	rˤɑmɑːdˤ	rmaːd
at	bi~ʕind~ʔilaː	fiː~fɔːɡ	ʕint	ʕind	ʕ̞and	ʕɛnd	ʕand	ʢɛd~ɛb-	ʕind~ɛb~bi	għand~fi~sa	ʕənd	ʕidd	ʕənd	ʕind~fiː	ʕind	ʕand
back	ðˤahar~qufaː	dahr	ðɑxr	ðˤɑhɑr	dɑhr	ðˤɑhɛr	ðˤhər~ɡfa~lluːrɑ	ðˤɑhɑr~ɡuf̣ɑ	dɑhr~ʔɑfɑ	dahar	dˤhər~llur	ðˤɑhɛɣ	ðˤɑhɑr	ɢafaː~ðˤɑhr	dˤɑhr	ðˤhɑr
bad	sajjiʔ~radiːʔ	hawaːn~maː sɛːmɛ	vɛʃɛx	xɑːjis~bɑːtˤil	waħɛʃ	ʃɛːn	maːhu zajn~ʃajn~raːx~mmʌhli~ffɑntˤi	mu zíɛn~ʧuruk	ʕɑːtˤɛl	ħażin	xajb~qbiħ	mɒː mliːħ~ʧirik~mɒː xɔːʃ	ʃɛːn~rədijj	ʃuːʕ~bɑtˤtˤɑːl	bɑtˤtˤɑːl~waħiʃ	xaːjib~duːni
bark(of tree)	liħaːʔ~qilf	ɡirf		qiʃara	ɡɛdʕ̞	ħɛtˤɑb~jɛdɛʕ	ɡuʃra	ɡɛʃɛr	ʔɛʃri	qoxra	qəʃrˤa	qiʃiɣ	ʤɛdɛʕ~ħatˤɑb	ɢiʃrih	ɢiʃrɑ~ɢirf	qiʃra
because	liʔanna~kajj~min aʤali~ʕala ʃaʔn~bisababi	fiːʃaːn	ta~ðjɔtiː	ʕaʃaːn	ʕ̞aʃaːn	lɛnn~aʕʃɑːn~laʤɛl	biːh	ʢalamɔːd~ʧíɛf	laʔinnɔ~ʕaʃɛːn~kɛrmɛːl	għax	ħit~ʕla ħqqaʃ~ʕla qbal	ʌmbuːr~bəʤɣaːn	lɛnn~ʕaʃaːn~laʤɛl~bəlaː-	ʕasibb~min majd	ʔaʕʃɑːn	ʕlaː xaːtˤɛr
belly	bɑtˤɑn~miʕda	bɛtɛn	pɑtn	bɑtˤɑn~qɑrʃ	bɑtˤn~mɛʕ̞da	karʃ~bɑtˤɛn	kirʃ~ʒŏwf	bɑtˤɛnˤ	bɑtˤn~mɛʕdɛ	zɐʔ	mɛʕda~btˤɛn~kərʃ	bɑtˤin~kiriʃ	bɑtˤn	bɑtˤn~karʃ	bɑtˤn~karʃ	kirʃ
big	kabiːr	kabiːr	kpiːr	kibiːr	kɛbiːr	ʧbiːr~ʕɔːd~kbiːr	əkbiːr	ʧɛbíɛrˤ	kbiːr	k̬bɪːr	kbir	kbiːɣ	ʦəbiːr ~ kəbiːr	kabiːr	kabiːr	kbiːr
bird	tˤɑːʔir~ʕasˤfuːrɑ	tɑjrɑːj		ðʕaːr	ʕ̞ɑsfuːrɑ~tˤɛːr	tˤɛːr	tˤʌjr	tˤɛːrˤ~ʢasˤfuːr	tˤɑjr~ʔɑsˤfuːr	ɐsfʊːr	bərˤtˤɑl	tˤɑjɣ	ʕasˤfuːr~tˤɛːrˤ	tˤɑːjir	tˤɛːr~ʕasfuːr~zarzuːr	ˁasˤfuːr
black	ʔaswad	ʔazraɡ	ísvɛt	swaːd	ɛswɛd	aswad~abraɡ	ʌkħal	ʔaswad~hɛndɛs	ʔɑswɑd	ɪswɛd̥	kħɘl	ʌswad	aswad	ʔaswad	azraɢ~aswɑd	akħil
blood	damm	damm	timm	damm	damm	damm	dʌmm	damm	damm	dɛmː	dam	dʌmm	damm	dam	damm	dam
bone	ʕɑðˤm	ʔadɛm		ʕɑðˤim	ʕ̞ɑdˤm	ʕɑðˤmˤ	ʕðˤʌm	ʢɑðˤumˤ~ʧaʢab	ʕɑdˤmi	ɐːdmɐ	ʕdˤɛm	ʕʌðˤim	ʕɛðəm	ʕuðˤmih	ʕɑdˤm	ʕðˤam
breast	θadij~nahad~sˤidr	dɛːd	ʔɑpp~pizz~suðr	θawiːd~diːdaʕ	bɛzz~nɛhd~sɛdr	dɛːd~sˤɑdɛr	bʌzzuːla	dɛːs~θɛdɑ	sˤɛdr~bɛzz	sɪdɛr~żejża	bəzzulɑ	sˤɑdɛɣ	nəhad~sˤɑdur	ðˤɑrrih~sˤɑdr~bizz	sˤɑdr~nahad~ʃɑtˤur	bazzuːla
child (a youth)	tˤifl~walad	wlɛːd	mɔrós~vilt	ɡaːhal	ʕ̞ajjɛl~tˤɛfl	jɑːhɛl~bazɛr~ʕajjɛl	iːʃʃiːr~tˤfɛjl	ʤɑːhɛl	wɑlɑd~tˤɛfɛl	tifel	darri	ʕiʤiː~wɑlɑd	walad~bazɛr~ʕajjɛl	ɡʲaːhil	ʃaːfiʕ~ɡʲanna~tˤɛfl	tˤful~fazɣuːl
cloud	saħaːba~ɣamaːma~ɣɑjm	sahaːbaːj	ʕajára	ɣɛːm~natal	saħaːba~ɣɛːma	saħaːb~ɣɛːm	məzna~nɔww	ɣìɛma	ɣɛjmɛ ~ ɣɛːma	sħɐːbɐ	sħaba~ɣmama	ɣiːm	saħaːbah~ɣɛːm	saħaːb~ɣamaːm	ɣɛːm~ɣamaːm	sħaːb
cold (as in weather)	baːrid	baːrid	pɛrɛt	baːrid~karaʕ	saːʔɛʕ̞	bɑːrˤɛd	baːrəd	bɑːrˤɛd	bɛːrɛd	kiesaħ~biered	barɛd	sˤqiːʕ	baːrɛd	baːrid	baːrid	baːrid
day (daytime)	jawm~nahaːr	jɔːm	xar	jɔːm	jɔːm~nɑhɑːr	jɔːmˤ	ʌnhaːr	jɔːmˤ	jɔwm ~ jɔːm~nhɑːr	jum~ġurnata~nhar	nhɑr	nəhɑːɣ	jɔːmˤ	jawm	jɔːm~nɑhɑːr	nhaːr
dirty	wasix~naʤas	wasix	mʌʕaθθi	ħatak~ʃaxal	wɛsɛx	wasˤəx	mˤmˤʷassəx	wasˤix~naɡɛs~zafɛr	wɛsɛx~miʒwɛː	maħmuġ	mmʷssəx	wisˤix		wasiχ~tˤɛsˤɛl	wasχaːn~wasiχ	mmassix
dog	kalb	kɛlib	kilp~kjɔpɛk	kɛlb	kalb	ʧalb	kʌlb	ʧalɛb	kalb	kɛlb̥	kəlb	kalib	ʦalb ~ kalb	kalb	kalib~ɢarzan~ʃalaɢ	kalb
dry (adjective)	ʤaːff~jaːbis	jaːbis	jɛpɛs	jaːbis	naːʃɛf	ħaːff~nɑːʃɛf	jaːbəs	jɑːbis~nɑːʃɛf	nɛːʃɛf	niexef~xott	jabəs	niːʃif	jaːbis~naːʃɛf	jaːbis~naːʃif	jaːbis~nɑːʃif	ʃaːjɑħ
dull (as a knife)	kaliːl~muθlim	kalla~majjit			baːrɛd~tɛlɛm	aʕma	daːvər~dəkʌm	aʢmi	mtallam~miʃ ħadd	ċatt~matt~spuntat	ħafi	məθluːm			majjit	ħaːfi
dust	ɣubɑːr~turɑːb	turaːb~ʔɔʤaːʤ	trap	ɣubaːr~sˤqaːriːt	ʕ̞ɔfɑːrɑ~tɔrɑːb	ʕɑỵɑːj~ɣbɑːr~tˤɔːz	qʌbrˤa~ɣabrˤa	ʢɑʤɑːʤ~tˤɔːz	ɣɑbrɑ	trab~għabra	ɣɔbrɑ	tˤʌwz	ʕɑʤɑːʤ~ɣbɑːr	ʕaɡʲaːɡʲ~ɣbɑːr	ʕaɡʲaːɡʲ~turɑːb~ɣɔbaːr	ɣabra
ear	ʔuðun	udɛn	iðn	ðin	wɛdn	ʔɛðɛn	uːðŭn	ʔiːðɑːn~ʔɛðɛn	dɛjnɛ~ɛdn	wɪdnɐ	wdən	əðin	ʔɛðɛn	ʔɛðn~ʔuðn	ɑdɑːn	wðin
earth (as in soil)	ʔardˤ~θarɑː~tˤiːn	ard~turaːb	ɑrt	tˤiːn~lqaːʕ	ʔɑrd~ratʃ~tɔrɑːb	ɑrðˤ~ʕɑːfuːr	ʌtraːb~tˤiːn	trɑːb~ɡaːʢ	trɑːb~ʔɑrɛdˤ	art~ħamrija	arədˤ	tˤəɣaːb	ɑrðˤ	turbah~ɡʲirbah~ɢaːʕ	wɑtˤɑ~ɑrdˤ~turɑːb	ʔɑrðˤ~trɑːb
egg	bajdˤɑ	bɛːda	pɛð	bɛːðˤa	bɛːdˤɑ	bɛːðˤa	bajðˤɑ	bíɛðˤɑ	bɑjdˤɑ	bɐjdɐ	bidˤɑ	bĭðˤa	bíɛðˤah	bajðˤɑh	bɛːdˤɑ	ʕaðˤma
eye	ʕajn	ʔɛːn	ʕɑjn	ʕɛːn	ʕ̞ɛːn	ʕɛːn	ʕʌjn	ʢɛːn	ʕɑjn	ɐjn	ʕin	ʕĭɛn	ʕɛːn	ʕajn	ʕajn	ʕiːn
far	baʕiːd	bɛʔiːd	pĕʕiːt	baʕuːd~natara	bɛʕ̞iːd	baʕiːd	bʕiːd	bʢiːd	bɛʕiːd	bgħid	bʕid	bʕiːd	baʕiːd	biʕiːd	baʕiːd~ɣɑːdi	bʕiːd
fat (noun)	samn~dahn~ʃaħm	dihin~samɛn	tɔxn	qatˤmiːm~maʃaħ	ʃaħm~dɛhn~laħma bɛːdˤɑ	dɛhɛn~ʃaħam	ʃħam	dasam~ʃaʜam	ʃaħm~dahn	xaħam~simna	ʃħɛm	ʃəħim	dɛhɛn~ʃaħm	ʃaħm~duhn	dihn~ʃaħm	ʃħam
father	ʔabb~ʔabaː-	ʔabba~ʔabu-	japát-	ɔːb	bɑbɑː-~abuː-~ʔɑbb	ʔubuː-~ʔɑbb	bu~waːlǝd	abuː-~abb	bɛj-	mɪsːɪːr	bu-~bˤbˤʷɑ	ʌbɔː-~ˀabb	ʔubɔː-~ʔabb	ʔabb~ʔabuː-	abuː-	buː-
feather (rather not down)	riːʃa	riːʃa~suːf		riːʃa	riːʃa	riːʃa	riːʃa	riːʃa	riːʃɛ	rixa	riʃa	ɣiːʃaːji	riːʃah	riːʃah	riːʃ	riːʃa
few	qɑliːl	ʃijja~baˀɛd	fitte~ʃfe	ʃwiː~bɑðɑʕ~qɑliːl	ʔɔlajjɛl	ɡɛliːl~ʃwajja	ʃwɛjj~ɡlɛjjǝl	ʧam~ʃwajjɑ~qɑliːl	ʔɑliːl~ʃwajj~natfɛ~əntuːfɛ/nattuːfɛ	ftit	qlil~ʃi	ʃwijjɔːni~pərʧɔːni	ɡəliːl~ʃwajja~tˤirf	ɢaliːl~ʃwajjih	ɢaliːl~ʃwijja	ʃwajja
fingernail	ðˤifr~ðˤufr	dufr	ðufr	ðˤɑːfuːr	dɑːfɛr~dɔfr	ðˤufɛr	ðˤfər	ʔɛðˤfɛr	dɛfr	dˈɪfɛr	dˤfər	ʔəðˤfɛɣ	ðˤəfɛr	ʔuðˤfur~ðˤufr	dˤufur	ðˤfar
fire	naːr~ħariːq	naːr	ɔkít	naːr~ħariːq~sarɡiːɡa~mahɡiːɡa~madhiːra	nɑːr~ħariːʔa	ðˤɑwˤ~ħariːʤa~naːr	nɑːr	nˤaːr~ʜariːq~ʜariːɡ	nɑːr~ħariːʔ	nɐːr	ʕafjɑ~ħriqɑ	nɑːɣ	ðˤɑwˤ~naːr	naːr~ħariːɢ	nɑːr	nɑːr
fish	samaka~ħuːt~sˤɑjd	huːt		samaka~sˤɛːd~baːbtˤiːni	samaka	smiʧɑ	ħuːt	sɛmʧa	sɛmkɛ	ħʊːtɐ	ħutɑ	sʌmʌki	samakah	samakih~sˤɑjd~ħuːtih	samaka	ħuːta
five	xamsa	xamsa	xampsɛ	xumsa	xamsa	xamsɑ	xʌmsa	xumˤsɑ	xɑmsɛ	ħɐmsɐ	xəmsɑ	xʌmsi	xams	χamsih	χamsɑ	xamsa
flower	zahrɑ~ward	nuwaːr	vɑrte	zɑhɑrɑ~warada	warda	zahra	nəwwɑːr	warɛd~warda	zɑhrɑ	fjura~nawra	nuwwɑ́rˤɑ	wʌɣdaːji	zahrah	zahrah	zahra~nɑwwɑːr	nawwaːra
fog	dˤɑbaːb	xamaːm~dubaːb		ɣɑllɛːt~ðˤbaːb	ʃɑbbuːrɑ~dˤɑbɑːbɑ	tˤɑḷḷ~ðˤɑbɑːb	tɛlɛmˤajt~ɣmaːm	ðˤubˤɑːbˤ	ɣtˤajtˤɑ~dˤɑbɑːb	ċpar	dˤbab	ðˤbaːb	ɣammah~ðˤɑbaːb	ðˤɑbaːb~ħiɡʲaːb	dˤɑbɑːb	dˤbaːb
foot	qɑdam~riʤl	kuraː~riʤl	iʒr	qadam~kaff	rɛɡl	ʤadam~riːl	kraːʕ~rʒǝl	rɛʤɛl	ɛʒr	sɪːʔ	rʒəl	ɣiʤil	riʤil	ɢadam~riɡʲl	kurɑːʕ~rɛɡʲl	saːq
forest	ɣaːba~ħirʃ	ʃɛdɛr kɛtiːr fiː			ɣaːba	ɣɑːba	ɣaːbɛ~ʕŭɡda	ɣɑːba	ħɛrʃ~ɣaːbɛ	foresta~masġar	ɣaba	ɣaːba	ɣɑːbɑ	ɣaːbah	ɣɑːbɑ	ɣaːba
four	ʔarbaʕa	arba	árpʌʕa	arbaʕa	ɑrbɑʕ̞ɑ	ʔɑrbɑʕa	ʌrbʕa	ɑrbʢɑ	ʔɑrbʕɑ	ɛrbɐ	rˤəbʕa	uːbaʕ	ʔarbaʕ	ʔɑrbɑʕɑh	ɑrbɑʕɑ	rbʕaː
fruit	faːkiha~fawaːkih~θamarɑ	jalda~ʔijaːl	fɛkjɛ	famara	fakha	fɑːkha~miːwɑ	ləħdaʒ~θ̬̬ʌmra	mɛːwɑ~fɑːkɛhɑ	fwaːki	frott	dɛssiɣ~ɣəllɑ~fakjɑ	faːkihi~miːwi	fɑːkihɑ	faːkiha	sɑmɑr~fɑːkha	ɣalla
full	malaːn~mumtaliʔ~kaːmil	mɛlaːn	mplan	mʕabbiː~matruːs	maljaːn	matruːs~mamzuːr	mlaːn	matruːs~mqɑppatˤ	maljaːn~mɛtlɛːn~mʕabbɛː	mɪmlɪ	ʕamər	kaːməl	məntɛli	maljaːn~matruːs~kaːmil	maljɑːn	mʕɛbbi
good	ʤajjid~ħasan~tˤɑjjib	sɛːmɛ~zɛːn	kaɛs~taɛp	zɛːn~ħaʃama	kwajjɛs~ħɛlʷ	zɛːn~xɔːʃ	zajn~mʌʕluːm	zíɛn~xɔːʃ	mniːħ~tˤɑjjɪb	tɐjːɛb̥	mɘzjan~dˤrif	mliːħ~xɔːʃ	zíɛn	naːhi~kwajjis~ʕiːs	samiħ~kuwajjis~ʃadiːd	baːhi
grass	ʕuʃb~ħaʃiːʃ	ɡɛʃ	ʃxex~tʃɛˁiːr	ħaʃiːʃ~kutiːl	nɛɡiːla	ʕɛʃɛb~ħaʃiːʃ~rɑbiːʕ	rbiːʕa~ɑlɑmuːz	θajjɛl~ʢɛʃɛb	ħaʃiːʃ~ʕɔʃb	ħaxix	rbiʕ	ħʌʃiːʃ	ʕɛʃb~niːda~rabiːʕ	ħaʃiːʃ~ʕuʃb	ɢaʃʃ~umɑsˤɑːbiʕa~tarba~naʤiːla	ħʃiːʃ
green	ʔaxdˤɑr	ʔaxadar	prásinɔ~xɔðɛr	xðɑːr	ɑɣdɑr	xɑðˤɑrˤ	ʌxðˤɑr nɛʕnaːʕ	ʔɑxðˤɑr	ʔɑxdˤɑr	ɐħdɐr	xdˤər	ʌxðˤɑɣ	xɑðˤɑrˤ	ʔaχðˤɑr	ɢɑrɑmɑːniː~ɑχdˤɑr	axdˤir
guts	ʔamʕaːʔ~ʔaħʃaːʔ~musˤrɑːn~mɑsˤɑːriːn	musuraːn	psarín	mɑːsˤuːr	ħaʃa~mɑsɑriːn	musˤrɑːn	msˤɑːriːn	msˤɑːriːn~mɛnbɑːrˤ	mɑsˤɑriːn	msaren	məsˤrɑn	mʌsˤiːɣiːn	məsˤrɑːn	mɑsˤɑːriːn~karʃ	ʔamʕɑːʔ~mɑsˤɑriːn	bziːz~msˤaːriːn
hair	ʃaʕr	ʃaʔur	ʃaxve~ʃaʕar	ʃaʕar	ʃɑʕ̞r	ʃaʕar	zɣab~zqab~ʃʌʕra	ʃaʢar	ʃɑʕɛr	ʃɐːr	ʃəʕrɑ	sɑʕɛɣ	ʃaʕar	sˤuːf~ʃaʕr	ʃɑʕr	ʃʕɑr
hand	jadd	id	it	jadd	ʔiːd	iːd~jɛd	ɛjd	iːd	ʔiːd	ɪːd̥	jədd	iːd	kaff~iːd~jəd	jad	jad~ʔiːd-	jid
he	huwa	huː	uɔ	hɔː	hɔwwɑ	hu	huwwɑ~huːwɑ	huwwɑ	huwwɛ	huwa	həwɑ́	ɔːwɛ~-wɛ	huww	huː	huː	huwwaː
head	rɑʔs	ras	mɔx	raːs	dɛmaːɣ~rɑːs~nafuːx	rˤɑːs	rˤɑːsˤ~rˤɑːs	rɑːs~sˤmɑːx	rɑːs	rɐːs	rɑs	ɣɑːsˤ	rˤɑːs	rɑʔs~rɑːs	rɑːs	raːs
heart	qɑlb~fuʔaːd	ɡɛlb	kɑlp	qɑlb~ɡɔːf	ʔalb	ɡaḷb	ɡʌlb	ɡaḷubˤ~f̣f̣ɑːd~dɛl	ʔalb	ʔɐlb̥	qəlb	ffɑːd~qʌlib	ɡaḷb	ɢalb	ɢalb	qalb
heavy	θaqiːl	tɑɡiːl	θkiːl	θiqiːl~ħariːr	tɛʔiːl	θaɡiːl	əθ̬̬ɡiːl	θɛɡiːl	tʔiːl	tqil	tqil	θʌqiːl	θaɡiːl	θaɢiːl~ʤawr~raziːn	tɑɢiːl	θqiːl
here	hunaː	hinɛ	ɑwnɑ~annaxula	hinniː	hɛna; ahɔ~hɛnahɔ~ahɛ~hɛnahɛ	əhni	huːn~huːnaːti	əhnɑːna~əhnɑː	hɔwn ~ hɔːn	hawn	hnɑ~hnajɑ	huːniː~hʌwn	fiðaː~həna	haːna	hina	huːniː~hnɛː
horn	qɑrn	ɡurn		qaran	ʔɑrn	ɡɑrn	ɡʌrˤn	ɡɛrɛn	ʔɑrn	ʔɐrn	qərn	qʌɣin	ɡarn ~ d͡zarn	ɢarn	ɢɑrn	ɡarn
how	kajfa	kɛːf	kif~aʃʃikl	kɛː	ɛzzaːj	ʧɛːf	bism il-ħiːla	ʃlɔːn	kiːf	kif	ki~kifaʃ	ʌʃɔːn	kɛif ~ ʦɛːf~ʃlɔːn	kajf	kɛːf~izzaːj	kiːfaːʃ~kiːfɛː
husband	baʕl~zawʤ~rɑʤul	raːʤil	ʒɑwz~intsán	zɔːɡ	ɡɔːz	rɑʤɛl~rəjl-	muːlaː l-xajma~rˤaːʒǝl-	rɑʤɛl~zɔːʤ	ʒɔwz ~ ʒɔːz	żewġ~raġel	rˤɑʒəl	zʌwʤ	rɑːʤil	zawɡʲ	zɔːʤ~rɑːɡʲil	raːʒil
ice	ʤaliːd~θalʤ	ʤamad~almɛ ʤamad		falɡ	talɡ~ɡaliːd	θalʤ	ɡlaːsˤ	θalɛʤ	talʒ	sɪlʤ̥	təlʒ	θaliʤ~ʤʌliːd~maːj ʤiːməd	θalʤ	θalɡʲ	tɛlɡʲ~ɡʲamad	θilʒ
if	ʔið~law~ʔin	kaːn	an~kan	iðaː~lɔː~baː	law~ɛn	lɔ~iðɑ~ʧɑːn	ilaː~lu	lɔː~ɛðɑː	ʔizɑ~law~ɛnkɛːn	jekk	ilɑ	ʌðaː	iðaː~ən	lɑː~ʔiðɑː	in~lɑw	ʔiːðaː
in	fiː~bi	fiː	fi	fiː	fɛ	fi	v	əb-	bi~ɛb~fi	fi~ġo~ġewwa	fi	əb-	fiː~əb-	wɑsˤtˤ~fiː	fi	fiː
knee	rukba	rukba		rikba	rɔkba	riʧba~rukba	rŭkba	rukbɑ	rɛkbɛ	rkɔpːɐ	rukbɑ	ɣəkbaj	rikbah	rukbih	rukba	rukba
lake	buħajra~birka~ɣadiːr	bahar	ʕɑjn-purkɛ	ɡaːbija	bɛrka~bɔħɛːra	bɛrʧa	bħajrɑ	buʜajrˤɑ	bħɛjrɑ	ɐdɪːrɐ	dˤajɑ	bŭħʌjrˤɑ	birka~ɣadiːr	ɣadiːr~buħajrɛh	mɔːja~bɛrka	sabxa
leaf	waraqɑ	warʃaːl~warɡa	fíllɔ~varka	ħuːsˤɑ	waraʔɛt ʃɑɡɑr	wruɡa~xɔːsˤ	warˤɡa	warɡa	wɑrʔɑ	wɛrʔɐ	wərˤqɑ	waɣʌqɑ	waraɡah	waraɢih	waraɢa	warqa
left (side)	jasaːr~ʃimaːl	alʔisraːj	zʌrvá	ʃɑdɑf~jɑsɑːr	ʃɛmaːl	jɛsɑːr	lʕasˤrijja	ʔajsɑr~jisra	ʃmɛːl	xellug	ʃmal~əsˤri	jʌsˤɑːɣ	jɛsaːr	jɑsɑːr~ʃimaːl	ʃimɑːl	liːsaːr
leg	saːq~riʤl	kuraː~saɡ	iʒr	saːq~riɡl	rɛɡl	riːl~krɑːʕ	sˤaːɡ~ɡaːjma~kraːʕ	rɛʤɛl~krɑːʢ~pɑːjɑ	ɛʒr~rɛʒl	rɪʤɛl	rʒəl	sˤaːq	riʤil	riɡʲl~saːɢ	kurɑːʕ~rɛɡʲl	rʒil
liver	kabad~fuʔaːd	kɛbd	kaspe	kibda	kɛbd~kɛbda	ʧabd	kʌbda	kabɛd~mɛʢlaːɡ	kɛbɛd	fwɪːd̥	kəbdɑ	kabad~mĕʕlaːq lʌħmɑɣ	ʦabd ~ kabd	kabid	kibdɑ	kibda
long	tˤɑwiːl	tɑwiːl	tviːl	tˤɑwiːl	twiːl	tˤɑwiːl	ətˤwiːl	tˤɑwíɛl	tˤɑwiːl	twɪːl	tˤwil	tˤʌwiːl	tˤuwiːl	tˤɑwiːl	tˤɑwiːɛl	twiːl
louse	qamla	ɡɛmɛl	kamplɛ	ʃniːt	ʔamlaːja	ɡamla	dʌmla	ɡamḷa	ʔamlɛ	ʔɐmlɐ	qəmlɑ	qʌmli	ɡamlah	dɛðriː~ɢummalih	ɢamla~sˤɑwɑːbɑ	qamla
man (adult male)	rɑʤul	raʤul~raːʤil	intsán	riɡɡiːl~riɡɡaːl	rɑːɡɛl	rajjɑːl	araɡaːʒ~rɑːʒəl	rɛʤʤɑːl	rɛʒʒaːl~zɑlɑmɛ	raġel	rˤaːʒəl	ɣiʤiːl	raʤʤaːl	raɡʲɡʲaːl	zɔːl~rɑːɡʲil	raːʒil
man(human being)	ʔinsaːn~nafɑr~ʃɑxsˤ~baʃɑr~nafs~ʔibn ʔaːdam	naːdum	intsán	aːdami~huːdaːr	baniʔaːdam~ʔɛnsaːn~nɑfɑr~ʃɑxsˤ	ʔɑːdmi~nafs~ʔɛnsɑːn~ʔɛbɛn ʔɑːdam	araɡaːʒ~mnaːdǝm	ʔɑːdmi~baʃɑr~ʔɛnsɑːn~banjɑːdam	ʃaxsˤ~bɑʃɑr~ʔɛnsaːn~bənɛːdɑm	bniedem~uman	nsan~bnadɛm~rqaba~bɑʃɑr	ʔaːdmi~ənsaːn~bɑʃɑr	ʃaxɛs~ʔaːdmi~baʃar~ʔɛnsaːn	baʃar~ʔaːdami~ʔinsaːn	zɔːl~nɑfɑr~ʔinsɑːn	ʕabəd~ʃɑxsˤ~insaːn
many	kaθiːr	katiːr	xtiːr	waːɡid~kiθiːr~hazbiːt	kɛtiːr	wɑːjɛd	jaːsər	hwɑːja	ktiːr	ħɐfnɐ	bəzzaf	ksiːɣ	waːʤid~kəθiːr	χɑjrɑːt~zijaːdih	katiːr	barʃa
meat (as in flesh)	laħm	lɛham	láxm	laħam	laħma	laħam	lħʌm	laʜam	lɑħm	laħam	lħam	laħim	laħam	ʃɛrkih~laħm	laħm	lħam
moon	qɑmɑr	ɡamar~ʃahar	kamar	qmaːr	ʔɑmɑr	ɡumɑr	qʌmʌrˤ~ɡamrˤa	ɡumɑr	ʔɑmɑr	ʔɐmɐr	qəmr	qʌmʌɣ	ɡumɑr ~ ɡɛmar	ɢamɑr	ɢɑmɑr	ɡamra
mother	ʔumm	ʔum	umm	umm	mɑmt-~ɔmm	ʔumˤmˤ	umˤmˤ~waːlda	mˤmˤ~ʔumˤmˤ	ʔɛmm	ɔmː	mˤmˤʷ-~umm	ʔimm	umm	ʔumm	umm	um
mountain	ʤabal	haʤar	ʒipɛl	ʕaqaba~ɡabiːl	ɡabal	jɛbal	kǝdja	ʤɛbal	ʒabal	muntanja~għolja	ʒbal	ʤabal	ʤɛbal~ðˤilaːʕ	ɡʲabal~sˤabir	ɡʲabal	ʒbal
mouth	famm	xaʃɛm	xank	θɔːm	bɔʔʔ~ħanak	buːz~θamm~ħalʤ	ṿumm	ʜalɛɡ	tɛmm	ħɐlʔ~fomm	fumm	θimm	θɛmm~ħalɡ~famm	luɢf~fumm	χaʃm	ʒalɣa~fum
name	ʔism	ʔusm	ism	ism	ɛsm	asɛm	ism	ɛsm	ʔɛsɛm	ɪsɛm	səm~smijjɑ	isim	ɛsm	ʔism	ism~sammu	ism
narrow	dˤɑjjiq	dajjiɡ		ðˤijjaq	dajjɛʔ~mɛdajjaʔ	sˤɛxiːf~ðˤɑjjiɡ	ðˤɛjjiɡ	ɡɛsˤiːf~ðˤɑjjiɡ	dajjiʔ	dejjaq	dˤijjəq	ðˤɑjjiq	ðˤəjjid͡z ~ ðˤəjjiɡ~sˤəxiːf	ðˤɑjjiɢ~ħawiːsˤ	dɑjjiɢ	ðˤijjiq
near	qɑriːb~bi-qurb~bi-ʤaːnib	ɡariːb	ʒump	qurb~qɑriːb	ʔɔrɑjjɛb~ɡamb	ɡarˤiːb~duːni~jamm	ɡrʌjjəb~ħða	qɑrˤiːb~jamm	ʔariːb~ħadd	qrib~ħdejn	qrib~ħdɑ	qʌɣiːb~jʌmm	d͡zəriːb~wzaːn~ʕənd	ɢariːb~ɡʲamb	ɢariːb	qriːb~ħðɛː
neck	ʕanq~raqaba	rɛɡaba	raɣbe	raqba~ħalq	raʔaba	rɡuba	raɡba	ruɡbɑ~ʢunɛɡ	rɑʔbɛ	ɔːnʔ	ʕənq	ɣʌqqabi	ʕɛlba	raɢabih~ruɢbih	raɢaba	raqbaː~kruːmaː
new	ʤadiːd	ʤɛdiːd	ʒtiːt	ɡadiːd	ɡɛdiːd	jadiːd	ʒdiːd	ʤɛdiːd	ʒdiːd	ʤdɪːd̥	ʒdid	ʤdiːd	ʤədiːd	ɡʲadiːd	ɡʲadiːd	ʒdiːd
night	lajla	llɛːl	lajl	lɛːl	lɛːla	lɛːl	lɛjl	lìɛl	lɛjlɛ ~ lɛːla	lɛjl	lil	lĭl	lɛːl	lajlih	lɛːla	liːl
nose	ʔanf	muxɛr	mɑxúr	xuʃum	maraxiːr	xaʃɛm	xnaːvĭr	xaʃɛm	manxɑr	mnɪːħɛr	nif	xʌʃim	xaʃim	nuχrih	nɑχrɑ	xʃam~mnɛːxɛr
not	lajsa~lajsat~maː~laː~lam~lan	maː	la~má-~máj	maː~lɔːb~lɑː	mɛʃ~mɔʃ~ma...ʃ	mu~mɔːb~ma~laː	maː~laː~maːhu	muː~mɑ~lɑː	mɛʃ~mu~mɑ	mʊːʃ~ma...x	maʃi~ma...ʃ	mɒː	muː~ma~la	maːʃ~ma...ʃ~lɑː~ɣajr	ma~muʃ	muːʃ~ma...ʃ
old	qɑdiːm~ʕatiːq~ʃajb~ʃajx~ʕaʤuːz	ɡɛdiːm~ʃɛːb	ʕɑtiːk	qɑdiːm~dawiːl~ʃɛːb~daːθir	ʔadiːm~ʕ̞aɡuːz	qɑdiːm~kabiːrˤ~ʕɔːd	adras~akhal~kbiːr	ʢatiːɡ~qɑdiːm~ʃaːjɛb	ʔadiːm~xɛtjɑːr~ʃɛjb~ʕatiːʔ	xiħ~qadim~antik	qdim~kbir	qʌdiːm~ʕʌtiːq~ʃiːb	ɡədiːm~ʃaːjɛb	ɢadiːm~kabiːr~ʕaɡʲuːz	ɢadiːm~ʕatˤiːɢ~ʕaɡʲuːz	qdiːm~kbiːr
one	waːħid~waːħida	waːhid~wahdɛ	ɛxɛn~ɛxtɛ	waːħad~waːħada	waːħɛd~waħda	wɑːħɛd~wɛħdɛ	waːħid~waħda	wɑʜɛd~wɛʜdɛ	wɑːħɑd~wɑħdɛ	wɪːħɛd̥~waħda~waħdiet	waħɛd~wɛħdɑ~wɛħdin	wiːħəd~wiħdi	waːħid~wɛħdɛ	waːħid~waːħidih	wɑːħɛd~wɛħdɛ	waːħid~wɛːħda
other	ʔaːxɑr~ɣɑjr	lʔaːxar	axar	θaːniː	taːni	θɑːni~xlɑːf	ʌwxər	lux~llaːx	tɛːnɛ~ɣɛːr	ieħor	axərˤ	əllaːx	θaːni~ɣɛːr	ʃiː~θaːni~ɣajr	taːni	lɛːxɑr
rain	mɑtˤɑr	matar~almɛ	ʃite	mɑtˤɑr~raħma~rɑðɑːð~naff	mɑtɑr~ʃɛta	mutˤɑr	ʌsħaːb	mutˤɑr	ʃɛti~ʃitɛː	ʃɪtɐ	ʃtɑ	mɑtˤɑɣ	mutˤɑr	matˤɑr	mɑtˤɑr	ʃtaː
red	ʔaħmɑr	ahmar	ɑxmɑr	ħmaːr~xumriː	ɑħmɑr	ħɑmɑrˤ	ʌħmɑr	ʔɑʜmɑr~damawi	ʔɑħmɑr	ɐħmɐr	ħmər	ʌħmɑɣ~qĕrmĕzijj	ħɑmɑrˤ	ʔaħmɑr	aħmɑr	aħmar
right (correct)	sˤɑħiːħ~tamaːma~sˤɑːˀib~mɑdˤbuːtˤ~ħaqqɑ~ʕaːdil )	sɛhiː~ʔadiːl		ħaqq~sˤɑħħ	sˤɑħħ~mɑẓbuːt	ʕadɛl~sˤɑħiːħ	sˤħiːħ~sˤɑːləħ	sˤɑːjɛb~sˤɑʜʜ	mɑẓbuːt~tamɛːm~sɑħħ	tajjeb~sewwa	sˤħiħ~hadak~hadik	sˤɑħiːħ	sˤəħiːħ~mɑðˤbuːt	sˤɑħħ	ʕadil~sˤɑħħ	sˤħiːħ
right (side)	jamiːn	azzɛnaːj		jamiːn	jɛmiːn	jɛmiːn	lʕarbijja	ʔajman~jimna	jɛmiːn	lemin	əmin	jmiːn	jəmiːn	jimaːn	jamiːn	liːmiːn
river	nahr	bahar~batah	paθpun	nɑhɑːr~saːqija	nɑhr	nɑhɑr~sɑːb	bħɑr~nʌhʌr	ʃɑtˤtˤ~nahar	nɑhr	ʃmɐːrɐ	wad	ʃɑtˤtˤ	ʃɑtˤtˤ	nahr	baħr~ɢɛːf	waːd
road	tˤɑriːq~darb	dirib~tariːɡ	tɑrp~triːk	tˤɑriːq	sɛkka~tɑriːʔ	darɛb~tˤɑriːɡ	tˤriːɡ	darɛb	tɑriːʔ~darb	triq	tˤriq~karrətɛːra	tˤriːq~daɣib	darəb~tˤɑriːɡ	darb	tˤɑriːɢ~sikka	tˤriq~kajjaːs
root	ʤaðr~ʕirq	ʔiriɡ		ɡiðar	ɡɛdr	ʕirʤ~ʤaðɛr	ʕǐrɡ	ʢɛrɛɡ	ʃɛrʃ	ɛːrʔ	ʒdər~lɔħ	ʤʌðiɣ~ʕiriq	ʤaðɛr	ɡʲiðr~ʕuːdih	ɡʲazr~ʕɛrɢ	ʕirq
rope	ħabl	habil	xɑpl	baːra~ħbaːl	ħabl	ħabɛl	ħbʌl	ʜabɛl	ħabl	ħabel	tˤwɑl~ħbəl~kurdɑ	ħabil	ħabɛl	salabih~ħabl	ħabl	ħbal
rotten (as a log)	faːsid~ʕafn~musawwas	ʕafin	ʕɛfɛn	dhɛnt~zaham	mɛʕ̞affɛn	xɑːjɛs~maħawħaw	xaːmǝr~mŭxnəz	xɑːjɛs	mɑnzuːʕ~msɔwwɛs	immuffat~mħassar	xaməʒ~msuwwəs	məxʌnbaq~xʌjjisˤ		χɑːjis~mnattin~sawwas	maχawrɑn~ʕafɛn	xaːmiʒ
round	mustadiːr	mudawwar~ɡirɡiːt	strɔndʒilí		mɛdɑwwɑr	mdawwɑr	mzʌɡnən	mdawwar~mdaʢbal	mdɔwwɛr	tɔnd̥	mdˤuwwər	mdawwiɣ	mdawwɑr	mdawwɑr~mukawwɑr	mudˤawwɑr~mudardam	mdawwir
salt	milħ	mɛlh	milx	milħ	malħ	mɛlħ	məlħ	mɛlɛʜ	malħ	mɛlħ	məlħ	miliħ	mɛlħ	milħ	milħ	milħ
sand	raml	ramla		bɑtˤɑħ~rɑmɑl	rɑmlɑ	rˤɑmɛl	traːb~ləħasˤ	rɑmuḷ	rɑml	rˈɐmɛl	rəmlɑ	ɣɑməl	rˤɑməl	najs~rɑml	rɑmlɑ	rmal
sea (as in ocean)	jamm~baħr	bahar ɛl maːlɛh	paxr	baħr~ðarbɛ~kazziː~qɑlħɑ	bɑħr	baħar	bħɑr	bɑʜɑr	bɑħr	baħar	bħɑr	bɑħiɣ	baħar	baħr	baħr	bħar
seed	zarʕ~ħabba~biðra~bizr	tɛːraːb~bizrɛ	pizr	biðara	bɛzr~taʔaːwi	bɑdɑr~bazir	ʒǝɡraːʒ	bazra~bɑðrɑ~ʜabba	bɛzr	zɛrːˈɪːjɐ	zərriʕa~ʕdˤəm	baziɣ~ħʌbb~ʕəʤɔ	ʕaʤmah	ħabbih~baðarih	tirɑːb~tɑɢɑːwi~bazr	zurriːʕa
sharp (as a knife)	ħaːdd	tariːn~mutarraɡ			ħaːmi	ħaːdd	mtˤarˤrˤaɡ~ħaːdd~maːðˤi~mtiːn	ʜaːdd	ħaːdd	qawwi~penetranti	mɑdˤi	ħaːdd		ħaːdd	ħaːdd	mɑːdˤi
short	qɑsˤiːr	ɡisɑjjɑr	xmiːn	qasˤʕuːr~qasˤiːr~kaʃiːħ	ʔɔsɑjjɑr	ɡasˤiːr	ɡsˤajjǝr	ɡsˤɑjjɛrˤ	ʔsiːr	qasir	qsˤirˤ	qʌsˤijjəɣ	ɡəsˤiːr	ɢasˤiːr	ɢusˤɑjjɑr	qsˤiːr
skin (of a person)	ʤild~baʃarɑ	ʤild~farwa		ɡild	ɡɛld	jɛld~baʃara	ʒəll	ʤɛlɛd	baʃara~ʒɛld	ġilda	ʒəld	ʤilid	ʤɛld	ɡʲild~baʃarih	ɡʲɛld	ʒilda
sky	samaːʔ	sama	sama	smaː	sama~dɛnja	sama	sma	sɛma~dɛnjɑ	samɑ~ʒɔw	sema	smɑ	sama	sɛma	samɛːʔ	sama	smaː
small	sˤɑɣiːr	saxajjar	zěʕiːr	sˤɑɣiːr	sɔɣɑnnɑn~sɔɣɑjjɑr~sɔɣɑntuːt	zɑɣiːr~sˤɑɣiːr	sqiːr~sqajjǝr~sɣiːr~sɣajjǝr	zɣɑjjɛrˤ	sˤɣiːr ~ zɣiːr	zɛɪ̯r~ċkejken	sˤɣirˤ	ɘsˤɣɑjjəɣ	sˤuɣɛːr ~ sˤəɣiːr	zɑɣiːr~zuɣajri	suɣɑjjɑr	sˤɣiːr
smoke	duxxaːn	duxxaːn	tixxán	duxxaːn~duxxiːn~ħajluːq	dɔxxaːn	dɛxxɑːn	dəxxaːn	duxxɑːn	dɔxxaːn	dʊħːɐːn	duxxan	dixxaːn	dəxxɑːn	duχχaːn	duχχaːn	duxxaːn
smooth	ʔamlas~naːʕɛm	maːrin		sabtˤ	naːʕ̞ɛm	ʔamlas	ʌmlas	naːʢɛm~amlas	nɛːʕɛm~mɛlɛs	mieles~lixx	mləs~rtˤəb	ʌmlas~niːʕim	ʔamlas	taːsi~raːχiː	amlas~maːrin	artˤib
snake	ħajja~θuʕbaːn~ħanaʃ~ʔafʕa	daːbi~dɛbiːb	ʕɑfɑ	ħaniːʃ~sˤɛll	tɛʕ̞baːn	daːb~ħanaʃ	ħnaʃ~sˤʌffɑːr	ʜajja~ʜjɑːjɑ~sˤɛḷḷ~ʢɛrbiːd	ħajji	serp~lifgħa	ħənʃ~lfʕa	ħʌjji	daːbb~ħajjɛh	ħanaʃ	θuʕbɑːn~dɑbiːb	ħnaʃ
snow	θalʤ	talʤ			talɡ	θalʤ	ɡlaːsˤ	θalɛʤ	talʒ~ʒliːd	borra	təlʒ	θaliʤ		θalɡʲ	tɛlɡʲ	θilʒ
some	bɑʕdˤ~kam min	ʃijja	xajʧ	baʕð	ʃwajja~kɛmmɛjja	bɑʕðˤ	ʃi	ʃwajjɑ~bɑʢɑðˤ	bɑʕɑdˤ~ʃwɛjj	xi	ʃi~ʃwijjɑ	bʌʕðˤ~ʃwʌjji	baʕðˤ~ʦam ~ ʧam~xatˤw	zɑːrɑt~bɑʕðˤ	bɑʕd	ʃwajja~baˁðˤ
star	naʤm~kawkab	nɛʤma	naʒme	niɡma	nɛɡma	niːma	nʌʒma	naʤma~naʤɛm	naʒmɛ	kewkba~stilla	nəʒmɑ	nʌʤmi	naʤɛm	kawkab~naɡʲm	naɡʲma	niʒma
stick (of wood)	ʕasˤɑː~ʕuːd~ħatˤɑb	hatab~ʔasaːja	ʕɑssɑ	ʕɔːd~qubb~marquːsˤ~baːkuːra	ʕ̞ɑsˤɑːjɑ	ʕuːd~ʕaʧwɑ	dəbbuːs	ʢuːda~ʜɑtˤbɑ~liːtˤɑ	ʕɑsˤɑː	bastun~għasluġ~ħatar	qtˤib~ʕsˤɑ	ʕɑsˤɑːji~ʕŭdi	ʕɑsˤɑ~məd͡zlaːb ~ mɘɡlaːb	ʕusˤjah~ʕuːdih	ʕɑsˤɑ	ʕsˤaː
stone	ħaʤɑrɑ~sˤɑxɑr	haʤaraːj	xaʒra	dilf~ħaɡaːra	tˤuːbɑ~ħɑɡɑrɑ	ħijɑr	ħʌʒra	ʜʤɑːrˤa~sˤaḷbuːx~sˤɑxrɑ	ħɑʒrɑ	ġebla~ħɐʤrɐ	ħəʒra~kurd	ħʌʤɑɣ	ħaʤɑr~sˤəḷbuːx~rðˤumah	ħiɡʲɑːrɑh~miɡʲʕaːr~sˤɑχr	ħɑɡʲɑr	ħɑʒrɑ
straight	mustaqiːm~ʕala tˤuːl	ʔadiːl	iʃa	siːdɑ~tˤuːl	ʕ̞ɛdɛl~ʕ̞ɑlɑtˤuːl	siːdɑ	msaɡɡam	ʢadɛl~ɡubˤɑḷ	dɔɣri	dritt	mʕɛwwɛtˤ~niʃan	tˤʌwlaːni~ʕadil	tˤawwaːliː~baʤd	saːni	ʕadiːl~tˤɑwwɑːliː	tˤuːl
sun	ʃams	ʃams~harraːja	ʃimps	ʃims	ʃams	ʃams	ʃams	ʃamɛs	ʃams	ʃɛmʃ	ʃəmʃ	ʃamis	ʃams	ʃams	ʃams	samʃ~ʃams
tail	ðanab~ðajl	danab	tumpjɛ	ðɛːl	dɛːl	ðɛːl	sbiːb~nəwwaːʃa~aːɡilaːl	ðíɛl	danɛb	dɛmb̥	ʃwwal~zɑntˤitˤ	ðĭl	ðanab	sublih~ðajl	danab	baʕbuːsˤ
that	ðaːlika~tilka~tiːka	daːk~diːk	áðak~áðik	haːðaːk~haːðiːk	dawwat~dajjat~dawwan~dawwak~dawwa~ɛtc.	haðɑːk~haːðiːʧ	ðaːk~ðɔwk-huwwa~ðiːk~ðɛːk-hijjɑ	ðɑːkɑ~ðíɛʧɛ	hajdiːk~hiːdɛːk	dɐk~dik	hadak~dak~hadik~dik	hʌðɛːk~hʌðiːk	ðaːk~ðiːk	ðˤɑjjik~tajjik	daːk~dɛːk	haːðaːka~haːðiːka
there	hunaːka~θamma	hinaːk	ɑwnke~axulla	hinnaːk	hɛnaːk~jahɔː	əhnɑːk	vamm~vammaːti~lhɛːh~hɔwk	ɣɑːd	hɔniːk	hemm	təmmɑ	ɣaːdi	fiðaːk~hənaːk	haːnaːk	hinaːk	ɣaːdiː
they	hum~hunna	human~hinna	innɛn	hum~hɛːn	hɔmma	hum~hɛn	huːmˤɑ~huːmaːti	humˤmˤɑ~hɛnˤnˤ	hɛnnɛː	huma	humɑ	hʌjjəm~immɛ	humm~hənn	hɔm~hɛn	hum~hun	huːma
thick	ɣɑliːðˤ~θaxiːn~samiːk	samiːn	ʕɑpi	matiːn~ɣliːðˤ	tɛxiːn	mɛtiːn	ɣliːðˤ~qliːðˤ	θəxiːn~mʧabbɛn	smiːk~ətxiːn	oħxon	ɣlidˤ	θʌxiːn	matíɛn	matiːn~ɣaziːr	tɑχiːn	xʃiːn~ɣliːðˤ
thin	rɑqiːq~rafiːʕ~naħiːf	bɑːtil	mǎʕaɛr~θkiːk	ħatˤiːtˤ~ɡaʃuːf	rɔfɑjjɑʕ̞~nɛħiːf	dɛʤiːʤ~ðˤʕiːf	rɡiːɡ~rɡɛjjǝɡ	mɑsˤwi~rɛfiːʢ	mɑmsˤuːʕ~nɑħiːf~rʔiːʔ	rqiq	nħif~rqiq	ɣʌqiːq	dəɡiːɡ~ðˤəʕiːf	naħiːf~rafiːʕ	riɢɛjjiɢ~naħiːf	ʒwajjid~ðˤʕiːf
this	haːðaː~haːðihiː	daː~diː	aða~aðiː	haːðiː	da~di	hɑːða~hɑːði	ðɑ~ði	hɑːðɑ~hiːaːtaː	hajdɑ~hajdɛ	dɐːn~din	hada~hadi	haːðaː~haːðiː	ða~ði	ðˤɑjjɑːh~tajjih	da~dɛ	haːða~haːði
three	θalaːθa	talaːta	tlaθɛ	θalaːθa	talaːta	θalɑːθa	θ̬̬laːθ̬̬a	tlɑːθa ~ t͡ɬɑːθa	tlaːtɛ ~ t͡ɬaːtɛ~klaːtɛ	tlɪːtɐ	tlatɑ	θaːθi	θalaːθ	θalaːθah	talɑːtɑ	θlaːθa
to bite	ʕɑdˤdˤɑ	ʔadd	ʕɑðð	ʕɑðˤðˤ	ʕ̞ɑdd~ˀɑtɑm	ʕɑðˤðˤ	ʕʌðˤðˤ	ʢɑðˤðˤ	ʕɑdˤdˤ	gidem	ɡdəm~ʕədˤdˤ	ʕʌðˤðˤ	ʕɑðˤðˤ	ɢaħasˤ~lɑɢɑsˤ	ʕɑdˤdˤ~lɑɢɑm	ɡdim
to blow (as wind)	tanassama~habba~nafaxɑ	nafax	nafax	nafax	nafax~nassɛm	nɛfax~haff	nvʌx	habb~nufax	tˤɛlɛʕ~nɑfɑx	nefaħ	sˤɑtˤ	nafax	habb~nufax	nafaχ	nɑfɑχ~habb	nfax
to breathe	tanaffasa~tanassama	tɛnaffas		niːsam~tnaffas	ɛtnaffɛs	tnaffas	tnʌffas	tnaffas	tnɑffɑs	ħa n-nifs	tnəffəs~tˤəllaʕ nnəfəs	tnʌffas~ʤʌɣ nʌfʌs	nafas~tnaffas	tnaffas	tɛnaffas	tnaffis
to burn (intransitive)	ʃaʕala~ħarɑqa	haraɡ	xɑrɑk	ħraːq~ʃaħʃaħ	ħaraʔ	ħaraɡ	ħrʌɡ~ħma	ʧuwɑ~ʜɛraɡ~ʃɛʢal	ħɑrɑʔ	ħaraq	ħrəq	ħaɣʌq	ənħaraɡ	ħaraɢ~dazz	ħaraɢ	ħraq
to come	ʔataː~ʤaːʔa	ʤaː	ʒa	ɡaː	ɡɛ	jɑ	ʒa	ʔʤɑː	ɛʒɑ	ġie	ʒa	ʤiː	ʤa	ɡʲɛːʔ	ɡʲa	ʒaː
to count	ʕadda~ħasiba~ʔaħsˤɑː	hasab	ʕadd	ħsaːb	ʕ̞add	ʕadd~ħɛsˤɑ	ħsǝb~ʕədd	ʜɛsab~ʢadd	ʕadd	għadd	ħsəb	ħasab~ʕʌdd	ʕadd~ħasab	ʕadd~ħasab	ʕadd~ħasab	ħsib
to cut	qɑtˤaʕa~qɑsˤsˤ	ɡataː	katʕaː	qɑsˤsˤ~ʃxaːtˤ	ʔɑtɑʕ̞	ɡɛtˤaʕ	ɡtˤʌʕ	ɡasˤsˤ	ʔɑsˤsˤ	qata'	qtˤəʕ	qɑsˤsˤ	ɡɑtˤaʕ	ɢasˤsˤ~falaɢ	ɢɑtˤɑʕ	qasˤ
to die	maːta	maːt	mat	maːt~fhaːtˤ	maːt	mɑːt	maːt~twʌffa~rtħam	mɑːt	maːt	miet	mat	mɑːt	maːt	mɑːt	mɑːt	maːt
to dig	ħafarɑ	hafɛr	xivɛr	ħfɑːr	ħɑfɑr	ħɛfɑr	ʒhʌr	ʜufɑr~nɛbaʃ	ħɑfɑr	ħaffer	ħfɛr	ħʌfʌɣ	ħafɑr	ħafɑr	ħɑfɑr	ħfar
to drink	ʃariba	ʃɛrɛb	ʃirɛp	ʃraːb	ʃɛrɛb	ʃɛrɛb	ʃrəb	ʃɛrab	ʃɛrɛb	xorob	ʃrəb	ʃiɣib	ʃɛrɛb	ʃirib	ʃɛrɛb	ʃrab
to eat	ʔakala	akɛl	kɛl	kil	kal	kal	kaːl	iːaːkuːl	ʔɑkɑl	kiel	kla	ʔʌkal	akal	kal	ʔakal	klaː
to fall (as in drop)	saqɑta~waqɑʕa	waɡaː~daffaɡ	vɑkʕɑ	tˤɑːħ~sqɑːtˤ	wɛʔɛʕ̞	tˤɑːħ~wuɡaʕ	tˤɑːħ	wuɡaʢ	wɑʔɑʕ~ʔɑʃɑtˤ	waqa'	tˤɑħ	ʃʌqləb	tˤɑːħ	nikiʕ~nɑtˤɑl~tˤɑːħ	waɢaʕ	tˤaːħ
to fear	xaːfa~rihaba~fazaʕa	xaːf	fizʕe	fizaʕ~ftaðar	xaːf	xɑːf	xaːv	xɑːf~rtɛhab	xaːf	beża'	xaf	xɑːf	xɑːf~ðall	χɑːf	χɑːf	xaːf
to fight	ħaːriba~qɑːtala	daːwas~ʤaːhad	starrˁe~ðarɛp	qɑːtˤaʕ~tqɑːtɛl	ɛtʕ̞aːrɛk~ɛtxaːnɛˀ	hɑːwɑʃ~ħɑːrab	ddaːjǝɡ~tʕaːrək	tbˤɑːsˤatˤ~tmɑːlax~tʢɑːrɛk	xɛːniʔ	iġġieled	ddabəz	tqɑːtal	tahaːwɑʃ~ħɑːrab	laːbaɡʲ~tɢaːtal	ħaːrab~χaːnaɢ	tʕaːrik
to float	tˤɑfaː~ʕaːm	ʔaːm~ʔarrad fi raːs l-almɛ		ʕaːm	ʕ̞aːm	tˤɑːf~ʕaːm	ʕaːm	tˤufɑ~sɑjjɑs	fɛːʃ	għam fil-wiċċ~żamm fil-wiċċ	ʕam	tˤʌfaː		ʕaːm	ʕaːm	ʕaːm
to flow	saːla~ʤarɑː	ʤara		ʃʕi	ɡɛri	ʤɛrɑ~saːl	saːl	saːʜ~ʤɛrɑ	ʒɑrɑː~sɛːl	ġera	sal~nəbbaʕ	ʤʌɣaː	ʤərɑ~saːl	ɡʲɑrɑ~saːl	ɡʲara	ʒraː
to fly	tˤɑːra	taːr		tˤaːr	tˤɑːr	tˤɑːr	tˤɑːr	tˤɑːr	tˤɑːr	tar	tˤɑr	tˤɑɣ	tˤaːr	tˤɑːr	tˤɑːr	tɑːr
to freeze	aʤlada~ʤammada~θallaʤa	ʤamad			fɑrrɑz~tallɛɡ	ʤɛmad~θallaʤ~fɑrraz	ɡlasˤ~ʒmʌd	ʤɛmad~θɛlaʤ	sɑʔɑʕ~ʒallad	għaqad~inġazza~iffriża	ʒməd~ttəlləʒ	ʤimid		θallaɡʲ~ɡʲimid~farrɑz	ɡʲamad~fɑrrɑz	ʒmid
to give	ʔaʕtˤɑː	ʔanta	tɑ	ʕtˤɑː	ɛdda	ʕɛtˤɑ	ʕtˤɑ	nɛtˤɑ	ʕɑtˤɑː	ta	ʕtˤɑ~əddɑ	ʕʌtˤɑː	ʕətˤɑ	ʔidda	adda	ʕtˤaː
to hear	samiʕa	sɛmiː	simʕe	smaːʕ	sɛmɛʕ̞	sɛmaʕ	smʌʕ	sɛmaʢ	sɑmɑʕ	sema'	sməʕ	simiʕ	samiʕ	simiʕ	sɛmɛʕ	smaʕ
to hit	dˤɑraba	dɛɡɡ~katal	takk	ðˤɑrɑb	dɑrɑb~xɑbɑt	tˤɑɡɡ~ðɛrɑb	xbatˤ~bʌtˤtˤ	ðurɑb~busˤɑtˤ~lɛʧam~haff	dɑrɑb	laqat~darab~ta daqqa	dˤrəb	ðʌɣʌb	tˤɑɡɡ~ðɑrɑb	labaɡʲ	sˤɑːb~dˤɑrɑb	ðˤrab
to hold (in one's hand)	ʔaxaða~masika	karab	pisek	masak~qbaːðˤ	mɛsɛk	ʤawwad~lɛzam	krǝd~ħkam	lɛzam	kamaʃ	żamm~ħa	rfəd	misik	ɡabɑðˤ~mɛsak	ʃibiħ~lazam	misik	ʃad
to hunt (transitive)	sˤɑːda~qinɑsˤ	sɑːd~ɡanas		sˤɑːd	ɛstˤɑːd	ɡɛnɑsˤ	sˤɑjjɑd~drʌs	sˤɑːd	sˤtˤɑːdˤ	ikkaċċja	sˤijjəd	sˤɑːd	ɡanɑsˤ~sˤɑjjəd	ɢɑnɑsˤ	istˤɑːdˤ~ɢinɑsˤ	ʔistˤaːd
to kill	qɑtala~ðabaħa	katal	maɛt	qtaːl	ʔatal~mawwɛt	ɡɛtal~ðɛbaħ~mawwat	ktǝl	kɛtal~qɛrɑðˤ	ʔɑtɑl	qatel	qtal	qʌtal	kɛtal~ðɛbaħ	ɢatal	katal	qtal
to know (a fact)	darɑ~ʕalima~ʕarifa	ʔarɛf	ʕirɛf	diraː~ʕrɑːf	ʕ̞ɛrɛf	dɛrɑ~ʕɛrɑf	ʕrɑf	dɛrɑ~ʃɛʢɑr~ʢɛrɑf	ʕarɛf ~ ʕɛrɛf~dɛri	jaf	ʕrəf	ʕiɣif	dara~xabar~ʕarif	dɛri~ħafɑðˤ~ʕirif~ʕilim	χɛbɛr~ʕirif	ʕraf
to laugh	dˤɑħika	dɛhɛk	taxak	ðˤħaːk~kɑrkɑr	daħak~karkaʕ̞	ðˤɛħaʧ	ðˤħʌk	ðˤɛʜak~kɑrkɑr	dˤɑħɑk	daħaq~daħak	dˤħak~kakɑ	ðˤiħik	ðˤaħʦ ~ ðˤaħak	ðˤiħik~tikaʕkaʕ	daħik	ðˤħak
to lie (as on one's side)	istalqɑː~raqɑda~tamaddada~atkaʔa	rɛɡɛd~takka	nnajm	mtadd~tkaː	ɛtmaddɛd~ɛtsɑltˤɑħ	ntˤɛrɑħ	tkɑ~tmadda	nʤɛtˤɑl~nbutˤɑʜ	tsˤɑtˤtˤɑħ~tlaʔʔaħ	mtedd	tmədd~təkkɑ	tmaddʌd	ənʤɛdɛʕ	mtadd~tke	rɑɢɑd~inbɑtˤɑħ	tmad
to live	ʕaːʃa~ħija~sakana	ʔaːʃ	ʕaʃ	ʕaːʃ~baːt	ʕ̞aːʃ	ʕaːʃ	ʕaːʃ~ħja	ʢɑːʃ	ʕaːʃ	għex	ħjɑ~ʕaʃ	ʕɑːʃ	ʕaːʃ	ʕaːʃ~ʕammir~sakan	ʕɑːʃ	ʕaːʃ
to play	laʕiba	lɛʔɛb	lɛʕɛp	lʕaːb~zarr	lɛʕ̞ɛb	lɛʕab	nzǝl~lʕǝb	lɛʢab	lɛʕɛb	lagħab	lʕab	liʕib	lɛʕɛb	liʕib	laʕab	lʕab
to pull	ʤarra~saħaba~ʤabaða	ʤarr	ʒarr	sadd~saħab	ʃadd	tall~sɛħab	ʌntˤʌr	ʤarˤrˤ	sadd~saħab	ġibed	ʒbad	ʃəħʃʌtˤ	ʤarr~saħab	ʃadd	ɡʲɑrr~ʃadd	ʒbid
to push	dafaʕa	lazza~ɡamma	tafaʃ	kadaʃ~zafar	zaʔʔ	dɛfaʕ	rvaʕ~ʕʒǝn~dʌkmɑr	dɛfaʢ~darfaʢ~dɛʢaʧ	dafaʃ	imbotta~deffes	dfəʕ~dərr	dʌfʌʕ	dazz	dahaf	dɑfɑr~lɛzz	daz
to rub	ħaffa~faraka~dalaka~ħakka	farak~hakk	xaff~maˁak	ʕraːk~dukk	daʕ̞ak~farak	ʕɛrak~fɛrak	ħʌkk~ʕrʌk	furɑk~dɛlak	fɑrɑk	għorok	frək	ħʌkk~fʌɣʌk	ħakkak	farak	ʕɑsˤsˤɑr	ħak
to say	qɑːla	ɡaːl	kal	qaːl	ʔaːl	ɡaːl	ɡaːl	ɡɑːl	ʔɛːl	qal	ɡal~duɑ	qɑːl	ɡaːl	ɢaːl	ɢɑːl	qaːl
to scratch (an itch)	xadaʃa~xamaʃa~ħakka	naxaʃ	xakk	ʃarxam	xarbɛʃ~hɑrɑʃ	ħaʧʧ~xammaʃ	xmŭʃ	ʤɛlax~xarmaʃ	xadaʃ	ħakk	xəbbəʃ~sərr	ħʌkk~xadaʃ	ħakk	ħakk~baχaʃ	ħakk~χarmaʃ	xabbiʃ~ħakk
to see	rɑʔaː~bɑsˤirɑ	ʃaːf	kiʃʕe~ra	ʃaːf~ħaːli	ʃaːf	ʧɑːf	ʃaːv~rˤaːʕi v-	ʃɑːf	ʃaːf	ra	ʃaf	ɣiʃiʕ	ʃaːf	ʔibsɑr	nɑẓɑr~ʃɑːf	ʃaːf~raː
to sew	qɑtˤɑba~xɑːtˤa	xajjat	ʃall	xɛːtˤ	xɑjjɑtˤ	ʃall~xɑːtˤ	ʃəll~xʌjjɑtˤ	xɑjjɑtˤ	xɑjjɛt	ħiet	xəjjətˤ	xʌjjitˤ	xɑːtˤ	χɑjjɑtˤ~ʃall	χɑjjɑtˤ	xɑjjitˤ
to sing	ɣanna~naʃada	xanna	ʕanna	ɣinnaː	ɣanna	qanna ~ ɣanna	ɣʌnna~ʃkur	ɣanna	ɣanna	għanna~kanta	ɣənnɑ	ɣannɑ	ɣanna	ɣanna~ʃadɑ~naʃad	ɣanna	ɣannaː
to sit	ʤalasa~qaʕada	ɡaʔad	kaʕa	ɡlaːs~stawqaʕ	aʕ̞ad	jɛlas~ɡɛʕad	ɡʕʌd	ɡɛʢad	ʔɑʕɑd	qagħad~poġġa	ɡləs	nĕbĕṡ~bəʧɛx	ɡaʕad	ɢambar~ɡʲalas	ɢaʕad~kannab	qʕad
to sleep	naːma~raqɑda	rɛɡɛd~naːm	nam	naːm	naːm	raɡad~nɑːm	rɡǝd	nɑːm	naːm	raqad	nʕas	nɑːm	naːm	raɢad	nɑːm	rqad
to smell (sense odor)	ʃamma	ʃɛmm	ʃamm	ʃamm	ʃamm	ʃamm	ʃəmm	ʃamm	ʃamm	xamm	ʃamm	ʃamm	ʃamm	ʃamm	ʃamm~kɑrɑf	ʃam
to spit	basˤɑqa	bazaɣ	pizɛk	bzaːq	taff	tɛfal~bɛzaɡ	tfəl~dvǝl~bʌẓẓaɡ	tɛfal~taffal	bɑzɑʔ	beżaq	bzəq	tafal		dafal~bazaɢ	bazaɢ	bzaq
to split	qasama~ʃaqqa	ɡɛsɛm~ʃaɡɡ	ʃakk	ʃtˤɑːr	ʃaʔʔ~ʔassɛm	ɡɛsam	fɡʌs	faʤʤ~fɛlaq	ʃaʔʔ	qasam	qsˤɛm~fəlləħ	qasˤsˤam~fʌʃʃʌq~fɑsˤʌl	ʃɛtˤɑb~ɡassam	falaʕ~bakkaʕ	ʃaɢɢ~fɛlaχ	ʃaqq
to squeeze	ʕasˤɑrɑ~dˤɑɣatˤɑ	hakk	palas~ˁisɛr		ʕ̞ɑsˤɑr	ʕɛsˤɑr	ʕsˤər	ʢɛsˤɑr~ʤɛʢasˤ	ʕɑsˤɑr~ʃadd	għafas~rass~għasar	ʕsˤɑr	ʕʌsˤʌɣ		falħasˤ~ðˤɑɣɑtˤ	ʕɑsˤɑr	ʕsˤar
to stab (or stick)	tˤɑʕana	taʔan			tˤɑʕ̞ɑn	tˤɛʕan	dʌɡɡ	tˤɛʢan	dɑrɑb-sɛkkiːn~tˤɑʕɑn	nifed~daqq b'sikkina	tʕaz	tˤɑʕan	tˤɑʕən	tˤɑʕɑn	tˤɑʕɑn	dɣar
to stand	qɑːma~waqɑfa	wiɡif	ɛkɛf	wqaːf	wɛʔɛf	wuɡaf~fazz	uːɡəv	wuɡaf	wɑʔɑf	qagħad bilwieqfa	wqəf	wiqif	waɡf~ɡaːm	sannab~wiɢif	waɢaf	wqif
to suck	mɑsˤsˤ~rɑdˤiʕa	mass~radiː	ðirʕe~mɑss	rðˤaːʕ	mɑsˤsˤ	mɑsˤsˤ	mʌsˤsˤ~rðˤaʕ	mɑsˤmɑsˤ~mɑsˤsˤ	mɑsˤsˤ~mɑʔʔ	seff~reda'	məsˤsˤ	mɑsˤ	mɑsˤsˤ	mɑsˤmɑsˤ~mɑsˤsˤ	mɑsˤsˤ	rðˤaʕ
to swell	intafaxa~warima	nnafax	virɛm	ntafax	wɛrɛm~taffax	ntɛfax	ntfax~uːrʌm	ɡabɡab~wurɑm	warɛm	ntefaħ	ttənfəx	wiɣim		ʃabaɡʲ~ntɛfaχ	wirim~innafaχ	tinfax
to swim	sabaħa~ʕaːm	ʔarrad fi l-almɛ	tʌʕássɛl~kalimpa	sbaːħ~ʕaːm	ʕ̞aːm	ʕaːm	ʕaːm	sɛbaʜ~fɑːʤ	sɛbɛħ	għam	ʕam	sibiħ	sɛbɛħ	sabaħ~ʕaːm	ʕaːm	ʕaːm
to think	ħasiba~ʔiʕtaqɑda~fakkara~ðˤɑnna	dɑnn~fɛkɛr	ftaɛn-~ɛnómiza-	ɡaʕan~fakkar~qatt	fɑkkɑr~ẓɑnn	fakkir~ðˤɑnn	txʌmməm~stʌʕql	ʢtɛqɑd~fakkɛr~sˤufan~tfɑtˤtˤan~ðˤɑnn	fakkɛr~ʕtɑʔɑd	ħaseb	nuɑ~xəmməm~fbal-	fakkar	fɛkɛr~haɡa~ðˤɑnn	fakkar~ðˤɑnn	iftɑkɑr~ẓɑnn	xamməm~fakkir
to throw	ramaː~ʔalqɑː	rama~xatt	ʃalax~rma	ramaː~ʕqaːr~lwaːħ	ħɛdɛf~rama	ðabb~ħɛðaf	laːħ~zrʌɡ	ʃɛmɑr~ðabb	ʃalaħ~zatt~kabb	tefa'~xeħet~rema	laħ~sijjəb	ħəʃʌl~tˤɛrr~zɛtt	ħaðaf~tˤɑʃʃ	ramaː~ðabal~raːɡʲam	ɡʲadaʕ~rama	ʃajjaʕ~lwaħ
to tie	rɑbɑtˤɑ	rɛbɛt~ʃadd	rɑpɑt	rawatˤ~ħzaːm	rɑbɑtˤ	ribɑtˤ~ʃɛbaʧ	ħzǝm~ʕɡad	ʢɛɡad~ʃadd	rɑbɑt	rabat	rbɑtˤ~ʕqɑd	rəbɑtˤ~ʕʌqʌd	rabtˤ	rɑbɑtˤ~ʃadd	rˤɑbɑtˤ	rbɑtˤ
to turn (change direction)	daːrɑ~ʔanaːba	kanʤar	tɑr	liff	laff	laff	sʌdd~ɡlʌb	ʢɛkaf~dɑːr	bɛrɛm~dɑːr	dar	dɑr	ndɑːɣ	dɑːr	ʕɑsˤɑr~dawwɑr~laff	dawwɑr~itlafat	daːr
to vomit	qɑːʔɑ~taqajjaʔa~istafrɑɣa	dafaɡ	raʒʒʕe~staffʕe	radd~zɑʕ	raɡɡaʕ̞~tˤɑrrɛʃ	zɑːʕ	ɡðǝf~rŭdd	zɑwwɑʢ~tqɑjjɑ	nɑtˤɑʔ~raʒʕɑ	qala'	ɡəll~rədd~ruwwəʕ	ˀəstənfʌʕ~zɑwwɑʕ~tqɑjjɑ		tˤɑrɑʃ~ɢaðˤɑf	ɢidif~istɑfrɑɣ	rad
to walk	maʃaː	saːr~maʃa	miʃɛ	mʃaː~tmaxtˤar	xadha maʃi~mɛʃi	mɛʃɑ~sˤɑːr	twaːtˤa~ɡɔwtˤarˤ	ʤɑː pjɑːda~mɛʃa~ɡɛʜaf	mɛʃi	mexa	sˤɑr~tməʃʃɑ	məʃi	mɛʃa	χɛtˤi	maʃa	mʃaː
to wash	ɣasala	xasal	ʕássɛl	ɣsaːl	ɣasal	ɣɛsal	ɣsǝl~qsǝl~sˤɡǝl	ɣɛsal	ɣassɛl	ħasel	ɣsal	ɣasal	ɣasəl	ɣasal	ɣassal	ɣsal
to wipe	maħaː~masaħa	ɡaʃʃ	massɛx	mħi	masaħ	maʃʃ	zʌjjɑf~msʌħ	mɛsaʜ~maʃʃ	mɑsɑħ	mesaħ	msəħ~zuwwəl			misiħ	masaħ	msaħ
tongue	lisaːn	lisaːn	san	lisaːn	lɛsaːn	lɛsɑːn	lsaːn	əlsɑːn	lsaːn	lsɪːn	lsan	əlsuːn	lsaːn	lisaːn	lisɑːn	lsaːn
tooth (rather not molar)	sinna~dˤirs	sɛnn	sinn	ðars~ɡuːhara~mɑtˤɑːħɑn	sɛnna	ðˤɛrs~sɛnn	sʌnn~dˤars	sɛnn	sɛnn	sinna	dərsɑ~sɘnnɑ	sin~ʧaːɣɔːʃi	ðˤirs~sinn	ðˤirs~sĕnnih	sɛnn	sinna
tree	ʃaʤarɑ	ʃɑdɑrɑːj	ðɛntra	ʃaɡara	ʃɑɡɑrɑ	ʃjɑrˤɑ	sˤadrˤɑːja	ʃaʤarɑ~ʃɛʤrɑ	siʒrɛ	sɪʤrɐ	ʃəʒrˤa	siʤʌɣɑ	ʃɛʤarɑ	ʃɛɡʲarih	ʃɛɡʲɑrɑ	ʃuʒra~suʒra
two	ʔiθnaːn~ʔiθnataːn ;  ʔiθnajn~ʔiθnatajn	tinɛːn~tittɛːn	xnajn	θnɛːn~θantɛːn	ɛtnɛːn	θnɛːn~θəntɛːn	iθ̬̬najn~θ̬̬intajn	θníɛn~θəntíɛn	tⁿɛjn ~ tⁿɛːn~tintɛːn	tnɛjn~żewġ	ʒuʒ~tnin	θniːn~θintiːɛn	əθnɛːn~θəntíɛn	θnajn~θintajn	ɛtnɛːn	zuːz~θniːn
warm (as in weather)	daːfiʔ	haːmi	xɑrr~sxun		daːfi	dɑːfi	ħaːmi~daːfi	ʜɑːmi~dɑːfi	dɛfjɛːn~sɔxn	sħun	dafi	diːfi	daːfi	daːfi~ħaːmi	daːfi	daːfi~sxuːn
water	maːʔ~mijaːh	almɛ~mɔːja	mɔɛ	maːj~miː	mɑjjɑ	mɑːj	ʌlma	mˤɑːj	mɑjj	ɪlmɐ	ma	mɑːj	maː~mɔːja	mɛːʔ	mɔːja~ɛlmiː	maː
we	naħnu~ʔinnaː	ʔaniːna	naxni	naħana	ɛħna	nɛħɛn	ʌħna~ʌħnaːti	ɛʜnɛ	nɑħnɑː	ɐħnɐ	ħnɑ~ħnajɑ	niħnɑː	əħna~ənnaː	əħnə	ɛħna	ħənaː
wet	rɑtˤb~muballal	lajjɛn~mabluːl	maplúl	xðˤɑr~rɑtˤb	mabluːl	mabluːl~rɑtˤəb	mʌbluːl	nɑːɡɛʢ~mballal	mbɑllɑl	mxarrab	fazəɡ	mnɑqqɑʕ	mabluːl~ratˤub	ɑχðˤɑr~mabluːl	mabluːl	mabluːl
what	maː~maːða~ʔajji ʃajʔin  what thinɡ)	ʃunu~jaːtu	aʃ	ɛːʃ	ʔɛː	ɛːʃ~ʃuː~ʃɛnu	ʃ-~-aːʃ~ʃənhu	ʃɛnu~ʃə-	ʃu~ʔɛːʃ	x'~ʃɪnʊ~xiex	aʃ~aʃnu	ʌʃuː	wɛʃ	mɛh~ʔajʃ~ʔajj	ʃinu~ʔɛː	ʃnuwwa~ʃnɛjja~ʃnuːma
when	mataː	mata	mitɛn	mta	ɛmta	mɛta	ɛjnta	ʃwakɛt	ɛːmtɑ	meta	fuqaʃ~imta	ʌʃwaqɛt	mɛta	ajjəħiːn~mata	mitɛːn	waqtaːʃ~waqtɛː
where	ʔajna	wɛːn	ajn	fɛːn~ħɛːn	fɛːn	wɛːn	mnɛjn~wɛjn	wíɛn	wɛjn ~ wɛːn	fejn	fin	wǎjsˤɑb~wĭn	wɛin	ajn	wɛːn	wiːn~fiːn
white	ʔabjɑdˤ	ʔabjɛt	ápkjað	bjɑːðˤ	ɑbjɑd	ɑbjɑðˤ	ʌbjɑðˤ	ʔɑbjɑðˤ~ʃakari	ʔɑbjɑdˤ	ɐbjɐd̥	bjədˤ	ʌbjɑðˤ	ɑbjɑðˤ	ʔabjɑðˤ	ɑbjɑdˤ	abjidˤ
who	man	jaːtu	mɛn	miːn	miːn	mɛn	mən~mǝnhu	manuː	miːn	mɪn	ʃkun	mənu	mən	man	minu	ʃkuːn
wide	waːsiʕ~raħiːb~ʕɑriːdˤ	wasiː	fsiːʕi	waːsɛʕ~ʕɑriːð	waːsɛʕ̞	wɑːsɛʕ~ʕariːðˤ	waːsəʕ	ʢɑrˤiːðˤ~wɑːsɛʢ	ʕɑriːdˤ~wɛːsɛʕ	wiesa'	wasɛʕ	raːhi~wɛːsiʕ	waːsɛʕ~ʕariːðˤ	fsaħ~waːsiʕ	wɑːsɑʕ	waːsɛʕ
wife	zawʤa~imrɑʔa~ħurma	mara~mart-	mprɑt-	zɔːɡa	mɛrɑːt-~zɔːɡa	mɑrˤɑ~murt-~ħurˤma	ʕjaːl~muːlaːt il-xajma~marˤt-	mɑrɑ~mɑrt-~ʔahal	mɑrɑ~mɑrt-~zɔwʒi~ħɔrmi	mara	mrˤɑt-	ðˤiɣɑ~mɑɣɑ	ħurma~ħɛrmɛt-~mʕazzɛba	marih~zawɡʲa~tˤɑbiːnah~ðˤurrɑh	mɑrɑ~zɔːɡʲa	mra~mart-
wind (as in breeze)	riːħ~hawaːʔ	riːh	xava	habu	hawa	hbuːb~riːħ~ʃɑmɑːl~ʃɑːmi~tɑːrɛs	riːħ~arjaːħ	hɑwɑ~nɛsiːm	hɑwɑ	riħ	riħ	ɣiːħ	riːħ	riːħ~hawa	riːħ	riːħ
wing	ʤanaːħ	ʤɛnaːh			ɡɛnaːħ	ʤanaːħ	ʒnaːħ	əʤnɑːʜ	ʒɛːnɛħ	ġewnaħ	ʒənħ	əʤnɒːħ	ʤanaːħ	ɡʲanaːħ	ɡʲɑnɑːħ	ʒnaːħ
with (accompanying)	maʕ~bi	maʔa~bɛ	maʕ-	maʕ~bi	maʕ̞a~bɛ~wajja	wijja~b-	mʕa~bə	wijjɑ~ɛb-	mɑʕɑ~bi~wijjɛ	ma'~miegħ-	mʕa	mɑʕɑ	maʕ~ʕənd-	miʕ	maʕa~bi	mʕaː
woman	imrɑʔa~al-mɑrʔa	mara	mɑrɑ	mɑrɑ	sɛtt~wlɛjja	ħurma	mrˤɑ	mɑrɑ~mrajja	mɑrɑ	mɐrɐ	mrˤɑ	mɑɣɑ~mɑɣijji	ħŭrma~mɑrɛ	mɑrih~ħurma~maklaf	mɑrɑ~zɔːlɑ	mra
worm	duːda	duːda	tut	duːd	duːda	duːd	duːd	salbuːʜ~duːd	duːdi~suːsi	dudu~ħanex	duda	ʌɣdɑ	duːdah	duːdah~waɢzih~taʕaːlih~ħuːt	duːdɑ	duːda
year	ʕaːm~sana	sana	sinɛ	sana~ʕaːm	sana	sana	ʕaːm~sna	sana	sɛnɛ	sɛnɐ	ʕam	sani	sanah	sanah	sana~ʕaːm~ħɔːl	ʕaːm
yellow	ʔasˤfar	ʔasfar	sítrinɔ~asfar	ħɑntˤiː~sˤfɑːr	ɑsfɑr	ɑsˤfɑr	ʌsˤvɑr	ʔɑsˤfɑr	ʔɑsˤfɑr	ɪsfɐr	sˤfər	ʌsˤfɑɣ	ɑsˤfɑr	ʔasˤfɑr	asfɑr	asˤfir
you(plural)	ʔantum~ʔantunna	intu	intu	intuː~intɛːn	ɛntu	ɛntu~ɛntɛn	ntuːmɑ~ntuːmaːti	ɛntu~ɛntɛn	ʔɛntɔ	intom	ntumɑ	ʌntim	əntum~əntɛn	antɔ	intu	ntuːma
you(singular)	ʔanta~ʔant	inta~intɛ~inti	int~inti	intɑ~inti	ɛnta~ɛnti	ɛntɑ~ɛnti	nta~ntijja	ɛntɛ~ɛnti	ɛntɑ~ɛntɛ	int~inti	ntɑ~ntajɑ~nti~ntijɑ	ʌntɑ~ʌntɛː	ənta~ənti	ant~anti	intɑ~inti	inti
