	Apolobamba	Apurí-Madean-Viñac	Ayacucho	Azuay	Cacra-Hongos	Cajamarca	Chachapoyas	Chimborazo	Chocos-Huangáscar	Chuquisaca	Cochabamba	Colombian Inga	Corongo	Cuzco	Eastern-Apurímac	Huallaga-Huánuco	Huancavelica	Huaraz-Huailas	Huaylla-Huanca	Imbabura	Jauja-Huanca	Lambayeque	Laraos	Lincha-Tana	Liscay-San Pedro	Napo	Pacaraos	Pastaza	Puno	San Martín	Santiago del Estero	Tena	Yaru
ASH_1	uʧpʰa	uʈpa	uʧpa	uʧupa	uʈpa	uʂpa	uʈ͡ʂpa	uʃpa	uʈpa	uʃpʰa	uʃpʰa	uʧpa	uʧpa	uspʰa	uspa	uʧpa	uʧpa	uʧpa	uʈ͡ʂpa	uʧufa	uʈ͡ʂpa	uʈ͡ʂpa	uʈ͡ʂpa	uʈpa	uʈpa	uʃpa	uʈ͡ʂpa	uʧpa	uspʰa	uʧpa	uʃpa	uʃpa	
ASH_2																																	χoχeʈ͡ʂa
BELLY_1						paʈ͡ʂa							paʈ͡ʂa			paʧa		paʧa	pata		pata	paʈ͡ʂa					paʈ͡ʂa						paʈ͡ʂa
BELLY_2	wixsa~wisa	wiksa	wiksa	wiχa	wiksa		wiksa	wixsa	wiksa	wixsa	wisa	wixsa		wixsa	wiksa		wiksa			wiksa			wiksa	wiksa	wiksa	wiksa		wiksa	wiksa	wiksa	wixsa	iksa	
BIG_1	atʰun	hatun	hatuŋ	hatun	hatun	atun	atun	hatun	hatun	hatun	hatun	atun	atun	hatun	hatun	hatun	hatun		hatun	xatun	hatun	atun	hatun	hatun	hatun	hatun	xatuŋ	atun	hatun	atun	atun	atun	χatuŋ
BIG_2																		jaʃqa															
BIRD_1			uɾpitu												urpitu							kuru											
BIRD_2	pʼisqu	piʃqo	pisχo	piʃku	piʃqo	piʃʁu	piʃku	piʃku	piʃqo	pʼisqu	pʼisʁu	pisku	piʃqu		pisqo	piʃqu		piʃqu	piʃʔu	piʃku	piʃʔu		piʃqu	piʃqo	piʃqo	piʃku	piʃχo	piʃku	pʼisqu	piʃku	piʃqo	piʃku	piʃχo
BIRD_3														piʧinku~piʧinkʰu	piʧinko		piʧiwsa																
BITE_1	kani	kani	kaʧu	kani na	kani	kani	kani	kani	kani	kani	kani	kani	kani	kani	kaʧu~qaʧu~kamu~kani	kaɲi	kaʧa	aɲi	kani	kani na	kani	kani	kaʈ͡ʂu	kani	kani	kani na	kani	kani na	kani	kani	kaniː	kani	kaʈ͡ʂu
BLACK_1	jana	jana	jana	jana	jana	jana	jana	jana	jana	jana	jana	jana	jana	jana	jana	jana	jana	jaɲa	jana	jana	jana	jana	jana	jana	jana	jana	jana	jana	jana	jana	jana	jana	jana
BLOOD_1	ʎawar	jawaɾ	jawaɾ	jawaɾ	jawal	jawar	jawar	jawar̝	jawaɾ	jawar	ʎawar	jawar	jawar̥	jawar	jawar	jawar	jawar	jawaɾ	jawar	jawaɾ	jawar	jawar	jawar	jawaɾ	jawaɾ	rawai̯	jawaɾ	jawar	jawar	jawar	jaːɾ	jawar̥	jawaʐ
BONE_1	tuʎu	tuʎu	tuʎu	tuʎu	tuʎu	tuʤu	tuʥu	tuʒu	tuʎu	tuʎu	tuʎu	tuʎu	tuʎu	tuʎu	tuʎu	tuʎu	tuʎu	tuʎu	tuʎu	tuʎu	tuʎu	tuʒu	tuʎu	tuʎu	tuʎu	tuʎu	tulu	tuʎu	tuʎu	tuʥu	tuʒu	tuʎu	tulu
BREAST_1	ɲuɲu	ɲuɲu	ɲuɲu	puɡɾu	ɲuɲu	ʧuʧu	ʧuʧu~ɲuɲu	ʧuʧu	ɲuɲu	ɲuɲu	ɲuɲu	ʧuʧu		ɲuɲu		ʧuʧu	ɲuɲu	ɳuɳu	ɲuɲu	ʧuʧu	ʧuʧu	ɲuɲu	ɲuɲu	ɲuɲu	ɲuɲu	ʧuʧu	ʧuʧu	ʧuʧu	ɲuɲu	ʧuʧu~ɲuɲu	ɲuɲu	ʧuʧu	ʧuʧu
BREAST_2		ʧiʧi		qinʒu	ʧiʧi				ʧiʧi							ʧiʧi			ʧiʧi					ʧiʧi	ʧiʧi								
BREAST_3													seno																				
BREAST_4															oqʎai̯																		
CLOUD_1	pʰuju	puju	puju	puju			puju	pʰuju	puju	pʰuju	pʰuju	puju		pʰuju	puju~fuju		puju			fuju					puju	puju		puju	pʰuju	puju	puju	puju	
CLOUD_2					pukutai̯	pukutai̯							pukuteː			pukutai̯		pukutai̯	pukutai̯		pukutai̯	puktai̯	pukutai̯	pukutai̯			pukutai̯						puɡutai̯
COLD_1	ʧiri	ʧiɾi	ʧiɾi	ʧiɾi		ʧiri	ʧiri	ʧiri	ʧiɾi	ʧiri	ʧiri	ʧiri		ʧiri	ʧiri		ʧiri			ʧiɾi					ʧiɾi	ʧiri		ʧiri	ʧiri	ʧiri	ʧiɾi	ʧiri	
COLD_2		alalaj			alalai̯				alalai̯				ala la		qasa	qasa		alaːlai̯	alalaʔ		alalaʔ	xasa	ala la	alalai̯	alalai̯		alalai̯						alala
COME_1	hamu	hamu	hamu	ʃamu na	hamu	ʃamu	ʃamu	ʃamu	hamu	hamu	hamu	samu	ʃamu	hamu	hamu~qamu	ʃamu	hamu	ʃamu	ʂamu	ʃamu na	ai̯wa mu	ʃamu	hamu	hamu	hamu	ʃamu na	ʃamu	ʃamu na	hamu	ʃamu	amu	ʃamu	ʃamu
DIE_1	waɲu	waɲu	waɲu	waɲu na	waɲu	waɲu	waɲu	waɲu	waɲu	waɲu	waɲu	waɲu	waɲu	waɲu	waɲu	waɲu	waɲu	waɲu	waɲu	waɲu na	waɲu	wanu	waɲu	waɲu	waɲu	waɲu na	waɲu ku	waɲu na	waɲu	waɲu	waɲu	waɲu	wanu
DIE_2												ʧinɡa ri																					
DOG_1	alqu	aʎqo	aʎχo	aʎku	aʎqo	aʧʁu	aʥku	aʒku	aʎqo	alqu	alʁu	alku	aʎqu	alqu	aʎqo~alqo	aʎqu	aʎχu	aʎqu	aʎʔu	aʎku	aʎʔu	aʒʁu	alqu	aʎqo	aʎqo	aʎku	alχo	aʎku	alqu	aʥku	aʒqo	aʎku	alχo
DRINK_1	upja	upja	upja	upja na	upja	upja	upja	ubja	upja	uxja	uxja	upja	upja	uxja	upja		upja		upja	ufja na	upja	upja	upja	upja	upja	upi na	upja	upja na	uxa	upja	upja	upi	upja
DRINK_2																		bebeɾ															
DRY_1	ʧʼaki	ʧaki	ʧaki	ʧaki ʃka	ʧaki	ʧaki	ʧaki	ʧaki ʃka	ʧaki	ʧʼaki	ʧʼaki	ʧaxi ska	ʦaki	ʧʼaki	ʧaki~qawi	ʧaki	ʧaki	ʦaki	ʧaki	ʧaki ʃka	ʧaki	ʧaki	ʧaki	ʧaki	ʧaki	ʧaki ʧi na	saki	ʧaki ʃka	ʧʼaki	ʧaki	ʧaxi	ʧaki ʃka	ʧaɡi
DRY_2												tusta																					
EAR_1	ninri~linri	ɾinɾi	ɾiŋɾi	ɾinɾi	linli	rinri	rinri	r̝inr̝in	ɾinɾi	linri~ninri~niɡri	ninri~linri	rinri	rinri	ninri~rinri	rinri~ninri	rinri	linri~rinri	ɾiɲɾi	linli	ɾinɾi	linli	r̝inri	linri	linɾi	ɾinɾi	rinri	ɾiŋɾi	ɾinri	ninri~rinri	rinri	niŋɾi	riŋri	ʐiŋɾi
EAT_1	mikʰu	miku	miku	miku na	miku	miku	miku	miku	miku	mikʰu	mikʰu	miku	miku	mixu	miχu	miku	miku	miku	miku	miku na	miku	miku	miku	miku	miku	miku na	miku~mika	miku na	mikʰu	miku	mixu	miku	miku
EAT_2															manja																		
EAT_3															qastu																		
EGG_1	runtu	ɾuntu	ɾuntu	ɾuru	luntu	ruru	rundu	lulun	ɾuntu	r̝untu	r̝untu		runtu	runtu	runtu	runtu	runtu	ɾuɾu	luntu	lulun	lulu	r̝undu	runtu	luntu	ɾuntu	lulun	ɾuɾu	lulun	runtu	rundu	ɾuntu	lulun	ʐuɾu
EYE_1	ɲawi	ɲawi	ɲawi	ɲawi	ɲawi	ɲawi	ɲawi	ɲawi	ɲawi	ɲawi	ɲawi	ɲawi	ɲawi	ɲawi	ɲawi	ɲawi	ɲawi	ɳawi	ɲawi	ɲawi lulun	ɲawi	nawi	ɲawi	ɲawi	ɲawi	ɲawi	ɲawi	ɲavi	ɲawi	ɲawi	ɲawi	ɲaβi~ɲawi	nawi
FAR_1	karu	kaɾu	kaɾu	kaɾu	kalu	karu	karu	karu	kaɾu	karu	karu	karu	larɡu	karu	karu~qaru	karu	karu	kaɾu	kalu	kaɾu	kalu	karu	karu	kaɾu	kaɾu	karu	kaɾu	karu	karu	karu	kaɾu	karu	kaɾu
FAR_2																												ʧipi					
FAT (ORGANIC SUBSTANCE)_1	wira	wiɾa	wiɾa	wiɾa	wila	wira	wira	wira	wiɾa	wira	wira	wira	wira	wira	wira	wira	wira	wiɾa	wila	ɸiɾa	wila	wira	wira	wiɾa	wiɾa		wiɾa		wira	wira	wiɾa	ira	wiɾa
FAT (ORGANIC SUBSTANCE)_2																												ɡrasa					
FAT (ORGANIC SUBSTANCE)_3															untu																		
FINGERNAIL_1	siʎu	siʎu	siʎu	ʃiʎu	siʎu	ʃiʤu	ʃiʥu	siʒu	siʎu	siʎu	siʎu	siʎu	ʃiʎu	siʎu	siʎu	ʃiʎu	siʎu	ʃiʎu	ʃiʎu	siʎu	ʃiʎu	siʒu	ʃiʎu	siʎu	siʎu	ʃiʎu	ʃilu	ʃiʎu	siʎu	ʃiʥu	siʒu	siʎu	ʃilu
FIRE_1	nina	nina	nina	nina	nina	nina	nina	nina	nina	nina	nina	nina	nina	nina	nina	nina	nina	ɲiɲa	nina	nina	nina	nina	nina	nina	nina	nina	nina	nina	nina	nina	nina	nina	nina
FLESH OR MEAT_1	ai̯ʧa	ai̯ʧa	ai̯ʧa	ai̯ʧa	ai̯ʧa	ai̯ʧa	ai̯ʧa	ai̯ʧa	ai̯ʧa	ai̯ʧa	ai̯ʧa	ai̯ʧa	eːʦa	ai̯ʧa	ai̯ʧa	ai̯ʧa	ai̯ʧa	ai̯ʦa	ai̯ʧa	ai̯ʧa	ai̯ʧa	ai̯ʧa	ai̯ʧa	ai̯ʧa	ai̯ʧa	ai̯ʧa	ai̯sa	ai̯ʧa	ai̯ʧa	ai̯ʧa	ai̯ʧa	ai̯ʧa	ai̯ʧa
FLY (MOVE THROUGH AIR)_1																										wambu rina						wambu ri	
FLY (MOVE THROUGH AIR)_2		pawa	pawa		pawa		pawa		pawa	pʰawa	pʰawa			pʰawa	pala~pawa		pawa						pawa	pawa	pawa			pawa na		pawa	paː		
FLY (MOVE THROUGH AIR)_3						pari										paːri		paxaɾi	paːli		paːli	pari					paːɾi						paːɾi
FLY (MOVE THROUGH AIR)_4	hala ʧa																			bula na									hala nta				
FLY (MOVE THROUGH AIR)_5								kaʒpa																									
FLY (MOVE THROUGH AIR)_6													bu̯elɛ																				
FOOT_1	ʧaki	ʈaki	ʧaki	ʧaki	ʈaki	ʈ͡ʂaki	ʈ͡ʂaki	ʧaki	ʈaki	ʧaki	ʧaki	ʧaxi	ʈ͡ʂaki	ʧaki	ʧaki~ataka	ʧaki	ʧaki	ʧaki	ʈ͡ʂaki	ʧaki	ʈ͡ʂaki	ʈ͡ʂaki	ʈ͡ʂaki	ʈaki	ʈaki	ʧaki	ʈ͡ʂaki	ʧaki	ʧaki	ʧaki	ʧaxi	ʧaki	ʈ͡ʂaɡi
FULL_1															ʎinpa			wiɲaj															
FULL_2	huntʼa	hunta	hunta	hunda	hunta	unda	xunda	hunda	hunta	huntʼa	huntʼa	xunda	unta	huntʼa	hunta	hunta	hunta		hunta	xunda	hunta	unda	hunta	hunta	hunta	hunda	xunta	unda	huntʼa	xunda	unta	unda kta	χonta
FULL_3		saksasa			saksaʃa				saksasa															saksaʃa	saksasa								
FULL_4															paqar~qapa																		
GIVE_1	qu	qo	χo	ku na	qo	qu	ku	ku	qo	qu	ɢu		qu	qu	qo	qu	χu		ʔu	ku na	ʔu	qu	qu	qo	qo	kun a	χo	ku na	qu	ku	qo	ku	χo
GIVE_2												kara																					
GREEN_1						ʧiʁjax	ʧikjax						ʦiqjaq									ʧiχjaχ								ʧikxak			
GREEN_2																	χiwa																
GREEN_3															kuku													kiʎu					
GREEN_4	qʼumir		χumiɽ	lumaɾ						qʼumir	qʼumir			qʼumir															qʼumir		qomeɾ		
GREEN_5								berde								berde		beɾi	biɾdi	biɾdi			berde			birdi	berdi					berde	
HAIR (HEAD)_1	ʧuxʧa	aqʧa~ʧukʧa	ʧukʧa	aɡʧa	aqʧa	aχʧa	ʧuxʧa	axʧa	aqʧa~ʧukʧa	ʧuxʧa	ʧuxʧa	axʧa	aqʦa	ʧuxʧa	ʧukʧa	aχʧa	ʧukʧa	aqʦa	aʔʧa	akʧa	aʔʧa	aχʧa	aχʧa	aqʧa	aqʧa	akʧa	aχsa	ʧukʧa	ʧuxʧa	ʧukʧa	ʧuxʧa	akʧa	aχʧa
HAND_1	maki	maki	maki	maki	maki	maki	maki	maki	maki	maki	maki	maxi	maki	maki	maki	maki	maki	maki	maki	maki	maki	maki	maki	maki	maki	maki	maki	maki	maki	maki	maxi	maki	maɡi
HEAD_1	uma	uma	uma	uma	uma	uma	uma	uma	uma	uma	uma	uma	uma	uma	uma	uma	uma	uma	uma	uma	uma	uma	uma	uma	uma	uma	uma	uma	uma	uma	uma	uma	uma
HEAR_1	uja ɾi	uja ɾi	uja ɾi	uja na	uja li	uja	wija ri	uja	uja ɾi	uja ɾi	uja ɾi	uja	wija	uja ɾi		wija	uja ri	wija	uja li	uja na	uja	uja	uja ɾi	uja ɾi	uja ɾi	uja na	uja	uja na	uja ɾi	uja ri	uja ɾiː	uja	uja
HEART_1																						korazon						kurasun					
HEART_2	sunqu		soŋχo	ʃunɡu	ʃoŋqu	ʃonqo	ʃunɡu	ʃunɡu	ʃoŋqu	sunqu	sunʁu	sunɡu	ʃunqu	sunqu	sonqo	ʃunqu	sunɢu	ʃoɲqu	ʂunʔu	ʃunɡu	ʂunʔu		sunqu	ʃoŋqu	ʃoŋqu	ʃunɡu	ʃuɴχu		sunqu	ʃunɡu	soŋqo	ʃunɡu	ʃoŋχu
HEAVY_1	ʎasa	ʎasa	ʎasaχ	ʎaʃaɡ	ʎasa	ʎaʃa	ʥaça	ʒaʃa	ʎasa	ʎasa	ʎasa	ʎasa	lasa	ʎasa	ʎasa~panra~qasupa	lasa	ʎasa	lasaq	ʎasaʔ	ʎaʃax	ʎasaʔ	ʒaʃa	ʎasa	ʎasa	ʎasa	ʎaʃa	lasa	ʎaʃa	ʎasa	ʥaça	lasaχ	ʎaʃa	lasa
HORN (ANATOMY)_1																												kurmi ta				kurnus	
HORN (ANATOMY)_2	waχra	waqɾa	waχɾa		waqla	waqra	wakra		waqɾa	waχra	waχra		waqra	waχra	waqra	waχra	waχra	waqɾa	waʔla		waʔla	waχra	waχra	waqɾa	waqɾa		waχɾa		waχra	wakra	waχɾa		waχɾa
HORN (ANATOMY)_3				ɡaʧu				ʁaʧu~ɡaʧu				kaʧu								kaʧu						kaʧu		kaʧu					
KNEE_1		moqo	moχo						moqo	muqu				muqu	moqo		muχu								moqo								
KNEE_2	qunqur	qonqoɾ		kunɡuɾi	qonqol	qunɡuri	kunɡuri		qonqoɾ			kunɡur	qunquri			qunqur		qoɲqoɾ	ʔunʔul	kunɡuɾi	ʔunʔul	qunɢuri	qunqur	qonqoɾ	qonqoɾ	kunɡuri	χoɴχuɾ	kunɡuri	qunquri	kunɡuri	qoŋqoɾi		χoɴχuʐ
KNEE_3																																kunɡuri muku	
KNEE_4											ʧaki muʁu																						
KNEE_5								sampi																									
KNOW (SOMETHING)_1	jaʧa	jaʈa	jaʧa	jaʧa na	jaʈa	jaʈ͡ʂa	jaʈ͡ʂa	jaʧa	jaʈa	jaʧa	jaʧa	jaʧa	jaʈ͡ʂa	jaʧa	jaʧa	jaʧa	jaʧa	jaʧa	jaʈ͡ʂa	jaʧa na	jaʈ͡ʂa	jaʈ͡ʂa	jaʈ͡ʂa	jaʈa	jaʈa	jaʧa na	jaʈ͡ʂa	jaʧa na	jaʧa	jaʧa	jaʧa	jaʧa	jaʈ͡ʂa
KNOW (SOMETHING)_2																											ɾeχi						
LEAF_1				panɡa				pʰanɡa				panɡa								fanɡa						panɡa		panɡa				panɡa	
LEAF_2		juɾa			ʃuja				juɾa																								
LEAF_3	rapʰi	ɾapɾi	ʎaχe~ɾapi		ʃapla	rapra	rapra		ɾapɾa	laqʰi	laqʰi		rapra	rapʼi~rapʰa~rapʼa~rapʰi	rapi	rapra	rapi		lapla		lapla	r̝apra	lapra		ɾapɾa		ɾapɾa		lapʰi	rapra			ʐapɾa
LEAF_4																		matu															
LOUSE_1	usa	usa	usa	usa	usa	usa	usa	usa	usa	usa	usa	usa	usa	usa	usa	usa	usa	uxa	usa	usa	usa		usa	usa	usa	usa	uwa	usa	usa	usa	usa	usa	uwa
LOUSE_2																						lisu~liʃu											
MAN_1						uʎʁu	uʥku						uʎqu			uʎqu					uʎʔu	uʒɢu					ulχo			uʥku			olχu
MAN_2	qʰari	qaɾi	χaɾi	kaɾi	qali			kʰari	qaɾi	qʰari	qʰari	kari		qʰari	qari		χari		kaɾi	kaɾi			qari	qaɾi	qaɾi	kari		kari	qʰari		qaɾi	kari	
MAN_3																		hombɾe															
MANY_1															nisju																		
MANY_2																											isisiː						
MANY_3	aʧkʰa	aʧka	aʧka	aʧka	aʧka	aʧka		aʧka	aʧka	aʃkʰa s	aʃkʰa	aʧka	aʦka	askʰa	aska	aʧka	aʧka		aʧka	aʧka	aʧka	aʧka	aʧka	aʧka	aʧka	aʃka		aʧka	aʃkʰa	aʧka	aʧka	aʃka	aʧka
MANY_4																		fejupa										japa					
MANY_5																														suka man			
MOON_1	kiʎa	kiʎa	kiʎa	kiʎa	kiʎa	kiʥa	kiʥa	kiʒa	kiʎa	kiʎa	kiʎa	xiʎa	kiʎa	kiʎa	kiʎa	kiʎa	kiʎa	kiʎa	kiʎa	kiʎa	kiʎa	kiʒa	kiʎa	kiʎa	kiʎa	kiʎa	kila	kiʎa	kiʎa	kiʥa	kiʒa	kiʎa	kila
MOUNTAIN_1													qaqa									χaʁa											
MOUNTAIN_2															qirka	hirka											xiɾka						xiɾka
MOUNTAIN_3	urqu	oɾqu	oɾχo	uɾku	olqu	urqu	urku	urku	oɾqu	urqu	urʁu	saʧuku		urqu	orqo		urɢu	oɾqu	ulʔu	uɾku	ulʔu		urqu	oɾqu	oɾqu	urku		urku	urqu	urku	oɾqo	urku	
MOUTH_1	simi	ʃimi	simi	ʃimi	ʃimi	ʃimi	ʃimi	ʃimi	ʃimi	simi	simi	simi	ʃimi	simi	simi	ʃimi	simi	ʃimi	ʃimi	ʃimi	ʃimi	ʃimi	ʃimi	ʃimi	ʃimi	ʃimi	ʃimi	ʃimi	simi	ʃimi	simi	ʃimi	ʃimi
NAME_1	suti	suti	suti	ʃuti	huti	ʃuti	ʃuti	ʃuti	suti	suti	suti	suti	ʃuti	suti	suti	huti	suti	xuti	suti	ʃuti	suti	ʃuti	suti	suti	suti	ʃuti	xuti	ʃuti	suti	ʃuti	suti	ʃuti	χoti
NECK_1	kunka	kunka	kunka	kunɡa	kunka	kunɡa	kunɡa	kunɡa	kunka	kunka	kunka	kunɡa	kunka	kunka	kunka	kunka	kunka	kuɲka	kunka	kunɡa	kunka	kunɡa	kunka	kunka	kunka	kunɡa	kuŋka	kunɡa	kunka	kunɡa	kuŋka	kunɡa	kuŋka
NEW_1	musuχ	muʃoq	mosoχ	muʃuɡ	muʃoq	muʃuχ	muʃuk	muʃux	muʃoq	musuχ	musuχ	musu	muʃuq	musuχ	mosoq~musuq	muʃuχ	musuχ	muʃoq	muʂuʔ	muʃux	muʂuʔ	muʃux	muʃuq	muʃoq	muʃoq	muʃu	muʃoχ	muʃu	musuχ	muʃuk	mosoχ	muʃux	muʃoχ
NIGHT_1	tuta	tuta	tuta	tuta	tuta	tuta	tuta	tuta	tuta	tuta	tuta	tuta		tuta	tuta		tuta		tuta	tuta	tuta	tuta	tuta	tuta	tuta	tuta			tuta	tuta	tuta	tuta	
NIGHT_2													paɢas			ʧakai̯		paqas									waɾai̯						paχas
NOSE_1	sinqa	seŋqa	seŋχa	sinɡa	seŋqa	sinɡa	sinɡa	sinɡa	seŋqa	sinqa	sinʁa	sinɡa	sinqa	sinqa	senqa	sinqa	sinɢa	seɲqa	sinʔa	sinɡa	sinʔa	sinɢa	sinqa	seŋqa	seŋqa	sinɡa	siɴχa	sinɡa	sinqa	sinɡa	seŋqa	sinɡa	seŋχa
NOT_1	mana	mana	mana	mana	mana	mana	mana	mana	mana	mana	mana	mana	mana	mana	mana	mana	mana	maɲa	mana	mana	mana	mana	mana	mana	mana	mana	mana	mana	mana	mana	mana	mana	mana
ONE_1	ux	huk	huk	ʃuɡ	huk	suχ	sux	ʃux	huk	ux	ux	suɡ	uk	huχ	huk~huχ~huq	huk	huk	xuk	suk	ʃuk	huk	uk	huk	huk	huk	ʃu	xuk	ʃuk	ux	suk	sux	ʃux	χok
PERSON_1	runa	ɾuna	ɾuna	ʃuɡ ɾuna		runa	runa	r̝una	ɾuna	runa~r̝una	r̝una	runa	runa	runa	runa	runa	runa	ɲuɲa	nuna		nuna	runa	runa	luna	ɾuna	runa	ɾuna	ɾuna	runa	runa		runa	nuna
PERSON_2																				xinti													
RED_1				piʧi								piʧi																					
RED_2	puka	puka	puka	puka	puka	ʧupika	puka	puka	puka	puka	puka	puka	puka	puka	puka	puka	puka	puka	puka	puka	puka	ʧupika	puka	puka	puka	puka	puka	puka	puka	puka	puxa	puka	puɡa
ROAD_1																			puli na									ʈ͡ʂuʧa					
ROAD_2																	kamino						kaminu										kaminu
ROAD_3	ɲan		ɲaŋ	ɲan		ɲan	ɲan	ɲan		jan	jan	ɲam bi	naːni	ɲan	ɲan	naːni		ɲaːɲi		ɲan						ɲam bi		ɲam bi	ɲan	ɲan	ɲan	ɲan	
ROOT_1												anɡu														anɡu		anɡu				anɡu	
ROOT_2						ʈ͡ʂupa							ʈ͡ʂapa									ʈ͡ʂupa											
ROOT_3	sapʰi	sapi	sapi	sapi	sapi		sapi	sapi~sipi~pisi	sapi	sapʰi	sapʰi			sapʰi	sapi	sapi	sapi		sipi	sapi	sipi		raiz	sapi	sapi		sapi		sapʰi	sapi	sapi		sapi
SALT_1	kaʧi	kaʈ͡ʂi	kaʧi	kaʧi	kaʈ͡ʂi	kaʈ͡ʂi	kaʈ͡ʂi	kaʧi	kaʈ͡ʂi	kaʧi	kaʧi	kaʧi	kaʈ͡ʂi	kaʧi	kaʧi	kaʧi	kaʧi	kaʧi	kaʈ͡ʂi	kaʧi	kaʈ͡ʂi	kaʈ͡ʂi	kaʈ͡ʂi	kaʈ͡ʂi	kaʈ͡ʂi	kaʧi	kaʈ͡ʂi	kaʧi	kaʧi	kaʧi	kaʧi	kaʧi	kaʈ͡ʂi
SAND_1				tiju			tiju	tʰiju		tʼiju	tʼiju									tiju								tiju		tiju	tiju		
SAND_2	aqu	aqo	aχo		aqo	aʁu			aqo				aqu	aqu	aqo	aquʃ	aχu		aʔu		aʔu	aʁu	aqu	aqo	aqo				aqu				
SAND_3																		aʎpa														ʦaʦa	
SAND_4																																	çoχja
SEE_1	riku	ɾika	ɾiku	ɾiku na	lika	rika	riku	r̝iku	ɾika	riku	riku		rika	riku	riku	rika	riku	ɾika	lika	ɾiku na	lika	rika	rika	lika	ɾika	riku na	ɾika	ɾiku na	riku	riku		riku	ʐiɡa
SEE_2		qawa	χawa		qawa		kawa		qawa			kawa			qawa									qawa	qawa					kawa	qaː		
SEED_1	muxu		muɾu~muja	muju		muru	muru~ruru	muju		muhu	muhu	muju	muru	muxu	muχu~muhu~muqu~ruru	muru	muxu	muɾu	muhu	muju	muhu		muni			muju	muɾu	muju	muxu	muru~ruru		muju	muɾu
SEED_2																						semiʎa											
SIT_1																											tai̯ ku						taː ku
SIT_2	tija	tija	tija	tija ɾi ku na	tija	tija	tija	tija	tija	tija	tija	tija ku		tija	tija		tija		tiju	tija ɾina	tiju		tija	tija	tija	tija rina		tiraji na	tija	tija	tiːja xu	tija	
SIT_3																						ta											
SIT_4													ama			hama																	
SIT_5																											kukaɾaː~ʧapaɾaː						
SIT_6															paʧi																		
SKIN_1	qara	qaɾa	χaɾa	kaɾa	qala	qara	kara	kara	qaɾa	qara	ɢara	kara	qara	qara	qara	qara	χara	qaɾa		kaɾa		χara	qara	qaɾa	qaɾa	kara	ʁaɾa	kara	qara	kara	qaɾa	kara	χaɾa
SKIN_2																			uta														
SLEEP_1	puɲu	puɲu	puɲu	puɲu na	puɲu	puɲu	puɲu	puɲu	puɲu	puɲu	puɲu	puɲu	puɲu	puɲu	puɲu	puɲu	puɲu	puɲu	puɲu	puɲu na	puɲu	punu	puɲu	puɲu	puɲu	puɲu na	puɲu	puɲu na	puɲu	puɲu	puɲu	puɲu	punu
SMALL_1															ʧiki~ʧinki~ʧinli																		
SMALL_2	huʧʼu̯i		uʧu̯i							huʧʼu̯i	huʧʼu̯i			huʧʼu̯i	huʧu̯i								uʧu̯i						huʧʼu̯i				
SMALL_3		uʧuk		uʧi ʎa~kutu	uʧuk			uʧi ʒa	uʧuk			uʧu ʎa	uʧuk~iʧik			iʧik			uʧuk	uʧi ʎa	uʧuk			uʧuk	uʧuk	iʧi ʎa	uʧuk	uʧi ʎa			utu la	iʧi ʎa	iʧik la
SMALL_4		taksa	taksa		taksa	takʃa			taksa						taksa		taksa	takʃa	takʂa		takʂa	takʃa		taksa	taksa					takʃa			takʃa
SMALL_5							uʧu ajkka																										
SMOKE (EXHAUST)_1		huʃta			huʃta	qundai̯			huʃta				qunte			quʃtai̯			huntai̯		huntai̯	χundai̯		huʃta	huʃta								
SMOKE (EXHAUST)_2																		xumo															
SMOKE (EXHAUST)_3	qʼusɲi		χosni	kusni			kusni	kuʃni		qʼusɲi	qʼuʃɲi	kusni		qʼusɲi	qosɲi		χusɲi			kuʃni			quʃni			kuʃni		kuʃni	qʼuʃɲi	kusni	qosni	kuʃɲi	χoʂʈ͡ʂi
SMOKE (EXHAUST)_4																											χojai̯						
STAND_1																		ʃaː ku	saː ku~saː ku la														
STAND_2	saja	saja	saja	ʃaja na	haja	ʃaja	ʃaja	ʃaja	saja ɾi	saja	saja	saja ku	ʃaː	saja	saja	ʃaja	saja			ʃaja ɾi na		ʃaja	saja	saja ɾi	saja ɾi	ʃaja ri na	ʈ͡ʂaʈ͡ʂa	ʃaja na	saja	ʃaja	saja	ʃaja	ʃaja
STAR_1										ʧʼaska	ʧʼaska			ʧʼaska															ʧʼaska				
STAR_2																												istiriʎa				estreʎa	
STAR_3	qu̯iʎur	qoi̯ʎuɾ	χoi̯ʎuɾ	ku̯iʎuɾ	qoi̯ʎul											qu̯iʎar~qu̯iʎur		qai̯ʎuɾ	hu̯iʎur		hu̯iʎur	χujar	qu̯iʎur	qoi̯ʎuɾ							qoʒuɾ		χoi̯ʎaʐ
STAR_4		lusiɾu			ʃusilu	luzeru		luzeru	lusiɾu				loseːro				luziru			luziɾu				lusiɾu	lusiɾu		loːseɾo			lusero			
STONE_1	rumi	ɾumi	ɾumi	ɾumi	lumi	rumi	rumi	rumi	ɾumi	r̝umi	rumi	rumi	rumi	rumi	rumi	rumi	rumi	ɾumi	lumi	ɾumi	lumi	r̝umi	rumi	lumi	ɾumi	rumi	rumai̯~rumi	ɾumi	rumi	rumi	ɾumi	rumi	ʐumi
SUN_1		ɾupai̯	ɾupai̯	ɾupai̯	lupai̯	rupai̯			ɾupai̯				rupeː									rupai̯		lupai̯	ɾupai̯								
SUN_2	inti	inti	inti	inti	inti		indi	inti	inti	inti	inti	indi		inti	inti	inti	inti	iɲti	inti	inti	inti		inti	inti	inti	indi		indi	inti	indi	inti	indi	inti
SUN_3																											wilka						
SWIM_1	sambu ʎa			wambu na				wambu									sambu ʎa			wambu na													badu
SWIM_2			nadja			nada	wai̯ta			wai̯tʼa	wai̯tʼa	wai̯ta	nada	wai̯ta		narja			maːta			nada	nada			wai̯ta na		wai̯ta na		wai̯ta	wai̯ta	wai̯ta	
SWIM_3																													tuju				
TAIL_1	ʧupa	ʈupa	ʧupa	ʧupa	ʈupa	ʈ͡ʂupa	ʈ͡ʂupa	ʧupa	ʈupa	ʧupa	ʧupa	ʧupa	ʈ͡ʂupa	ʧupa	ʧupa	ʧupa	ʧupa	ʧupa	ʈ͡ʂupa	ʧupa	ʈ͡ʂupa	ʈ͡ʂupa	ʈ͡ʂupa	ʈupa	ʈupa	ʧupa	ʈ͡ʂupa	ʧupa	ʧupa	ʧupa	ʧupa	ʧupa	ʈ͡ʂuba
THIS_1	kai̯	kai̯	kai̯	kai̯	kai̯	kai̯	kai̯	kai̯	kai̯	kai̯	kai̯	kai̯	keː	kai̯	kai̯	kai̯	kai̯		kai̯	kai̯	kai̯	kai̯	kai̯	kai̯	kai̯	kai̯	kai̯	kai̯	kai̯	kai̯	kai̯	kai̯	kai̯
THOU_1	qan	qam	χam	kan	qam	qam	kam	kan	qam	qan	ʁan	kam	qam	qan	qan	qam	χam	qam	qam	kan	qam	xam	qam	qam	qam	kan	ʁam	kan	qan	kam	qam	kan	χam
TONGUE_1	qaʎu	qaʎu	χaʎu	kaʎu	qaʎu	qaʥu	kaʥu	kʰaʒu	qaʎu	qaʎu	ɢaʎu	kaʎu	qaʎu	qaʎu	qaʎu	qaʎu	χaʎu	qaʎu	haʎu	xaʎu	haʎu	qaʤu~χaʤu	qaʎu	qaʎu	qaʎu	kaʎu	ʁaʎu~ʁalu	kaʎu	qaʎu	kaʥu	qaʒu	kaʎu	χaʎu
TOOTH_1	kiru	kiɾu	kiɾu	kiɾu	kilu	kiru	kiru	kiru	kiɾu	kiru	kiru	xiru	kiru	kiru	kiru	kiru	kiru	kiɾu	kilu	kiɾu	kilu	kiru	kiru	kiɾu	kiɾu	kiru	kiɾu	kiru	kiru	kiru	kiɾu	kiru	kiɾu
TREE_1														maʎki														kaspi					
TREE_2																							munti										
TREE_3	saʧʼa		saʧa							saʧʼa	saʧʼa	saʧa	aʈ͡ʂa		saʧa		saʧa		haʈ͡ʂa		saʈ͡ʂa												
TREE_4																															taχo		
TREE_5															pisona																		
TREE_6		qeɾu			qelu	qiru			qeɾu							qiru		qeɾu				χiru		qeɾu	qeɾu		χeɾu						χeɾu
TREE_7				juɾa			jura	jura												juɾa						ruja			quqa	jura		jura	
TWO_1	iskai̯	iʃkai̯	iskai̯	iʃkai̯	iʃkai̯	iskai̯	içkai̯	iʃki	iʃkai̯	iskai̯	iskai̯	iskai̯	iʃkeː	iskai̯	iskai̯	iskai̯	iskai̯	iʃkai̯	iʃkai̯	iʃkai̯	iʃkai̯	iskai̯	iʃkai̯	iʃkai̯	iʃkai̯	iʃkai̯	içkai̯	iʃkai̯	iskai̯	içkai̯	iʃkai̯	iʃki	içɡai̯
WALK_1	puri		puɾi	puɾi na		puri	puri	puri		puri	puri	puri	puri	puri	puri	puri	puri		puli	puɾi na	puli	puri	puri			puri na	puɾi	puri na	puri	puri	puɾiː	puri	puɾi
WALK_2																		aɲdaɾ															
WATER_1	unu													unu	unu														unu				
WATER_2		jaku	jaku	jaku	jaku	jaku	jaku	jaku	jaku	jaku	jaku	jaku	jaku		jaku	jaku	jaku	jaku	jaku	jaku	jaku	jaku	jaku	jaku	jaku	jaku	jaku	jaku		jaku	jaxu	jaku	jaɡu
WATER_3															ʧuʎʧu̯i																		
WHAT_1	ima	ima	ima	ima	ima	ima	ima	ima	ima	ima	ima	ima	ima	ima	ima	ima	ima	ima	ima	ima	ima	ima	ima	ima	ima	ima	ima	ima	ima	ima	ima	ima	ima
WHITE_1	juraχ	juɾaq	juɾaχ	juɾaɡ	julaq	juraq	jurak	jurax	juɾaq	juraχ	juraχ	jura	juraq	juraχ	juraq	juraχ	rujaχ~juraχ	julaq	julaʔ	juɾax	julaʔ	juraq	juraχ	juɾaq	juɾaq	rujaχ	juɾaχ	jura	juraχ	jurak	juɾaχ	jurax	juɾaχ
WHITE_2															ku̯iʎa																		
WHO_1	pi	pi	pi	pi	pi	pi	pi	pi	pi	pi	pi	pi	pi	pi	pi	pi	pi	pi	pi	pi	pi	pi	pi	pi	pi		piː	pi	pi	pi		pi	pi
WHO_2																															pi taχ		
WHO_3																										mai̯kan							
WIND_1	wai̯ra	wai̯ra	wai̯ɾa	wai̯ɾa	wai̯la	wai̯ra	wai̯ra	wai̯ra	wai̯ɾa	wai̯ra	wai̯ra	wai̯ra	weːra	wai̯ra	wai̯ra		wai̯ra	wau̯ja	wai̯wa	wai̯ɾa	wai̯wa	wai̯ra	wai̯ra	wai̯ɾa	wai̯ɾa	wai̯ra		wai̯ra	wai̯ra	wai̯ra	wai̯ɾa	wai̯ra	
WIND_2																vi̯ento																	
WIND_3																											bintu						
WOMAN_1	warmi	waɾmi	waɾmi	waɾmi	walmi	warmi	warmi	warmi	waɾmi	warmi	warmi	warmi	warmi	warmi	warmi	warmi	warmi	waɾmi	walmi	waɾmi	walmi	warmi	warmi	waɾmi	waɾmi	warmi	waɾmi	warmi	warmi	warmi	waɾmi	warmi	waɾmi
WORM_1	kuru	uɾu	uɾu	kuɾu	ulu	kuru	kuru	kʰuru	uɾu	kʰuru	kʰuru	kuru	kuru	kuru	uru	kuru	kuru	kuɾu	kulu		kulu		kuru	uɾu	uɾu	kuru	kuɾu	kuru	kuru	kuru	kuɾu	kuru	kuɾu
WORM_2															utuskuru																		
WORM_3																				ku̯ika													
WORM_4																						ɲuʃi											
WORM_5															siʎwi																		
YEAR_1	wata	wata	wata	wata	wata	wata	wata	wata	wata	wata	wata	wata	wata	wata	wata	wata	wata	wata	wata	wata	wata		wata~watə	wata	wata	wata	wata	wata	wata	wata	wata	wata	wata
YEAR_2																						aɲo											
YELLOW_1																			tunʔuʂ		tunʔuʂ												
YELLOW_2		qaɾwa			qalwa	qarwa			qaɾwa				qarwa			qarwa ʃ		qaɾwaʃ				χarwa	qarwa ʃ	qaɾwa	qaɾwa		ʁaɾwa						
YELLOW_3	qʼiʎu		χeʎu	kiʎu			kiʥu	kiʒu		qʼiʎu	qʼiʎu	xiʎu		qʼiʎu			χiʎu			kiʎu						kiʎu		kiʎu	qʼiʎu	kiʥu	qɪʒu	kiʎu	
YELLOW_4															paru																		
YELLOW_5																																	tiɾi
