	Beijing	Changsha	Chengdu	Fuzhou	Guangzhou	Guilin	Ha'erbin	Jinan	Jixi	Loudi	Meixian	Nanchang	Nanjing	Rongcheng	Suzhou	Taiyuan	Wenzhou	Xi'an	Xiamen
ALL_1	ʨʰɥɛn³⁵pu⁵¹	ʨʰɥẽ¹³pu¹¹	ʨʰɥan²¹pu²¹³		ʦʰyn²¹pou²²	ʨɥã²²pu²¹	ʨʰɥan²⁴pu⁵³	ʨʰɥæ̃⁵³pu³¹	ʨʰɥẽ⁴⁴pʰu³¹	ʣwĩ¹³bu¹¹	ʨʰjen¹¹pʰu⁵³	ʨʰɥon²⁴pu⁰	ʨʰɥen¹³pu⁴⁴	ʦʰjɐn³⁵pu³³⁴	zjɪ¹³bu²³¹	ʨʰɥe²¹pu⁴⁵	jy³⁴¹bu²⁴	ʦʰwæ̃²⁴pu⁴⁴	ʦwan²⁴pɔ²²
ALL_2				ko²¹²louŋ⁵³ŋa²⁴²															
ASH_1	xwei⁵⁵	fei³³	xwei⁴⁵	hwoi⁵⁵hwoi⁵⁵~hwoi⁵⁵	fwi⁵³	fei⁴²	xwei⁴⁴	xwei²¹³	fa⁵⁵	xwe⁴⁴	foi³³	fɨi⁴²	xwei³¹	xwei⁵²	hwe̞⁴⁴	xwei²¹	fai⁴⁴	xwei²¹	he⁵⁵
BACK_1	pei⁵¹	pei⁵⁵	pei²¹³		pwi³³	pei²⁵	pei⁵³	pei³¹	pa³⁵	pe³⁵	poi⁵³		pei⁴⁴	pei⁵²	pe̞⁴¹²	pei⁴⁵		ʨi²¹pei²⁴~pei²⁴	
BACK_2																	pai⁴²ʥi²⁴saŋ⁴⁴		
BACK_3												pei⁴⁵ʨjaʔ⁰							ka⁵⁵ʦjaʔ³²
BACK_4				pʰjaŋ⁵⁵															
BARK_1	ʂu⁵¹pʰjə³⁵	ɕy¹¹pi¹³	su²¹³pʰi²¹	ʦʰjeu²¹²pʰwoi⁵³	sy²²pʰei²¹	ɕy²¹pi²²	ʂu⁵³pʰi²⁴	ʂu³¹pʰi⁵³	ɕy³¹pʰɹ̩⁴⁴	ʑy¹¹bi¹³	su⁵³pʰi¹¹	su²¹pʰi²⁴	su⁴⁴pʰi¹³	ʃy³³⁴pʰi³⁵	zɻ̩ʷ²³¹bi¹³	su⁴⁵pʰi²¹	zɹ̩²²bei³⁴¹	fu⁴⁴pʰi²⁴	ʦʰju²²pʰe²⁴
BELLY_1					tʰou²³						tu³¹						døy²⁴		
BELLY_2	tu⁵¹ʦʰɹ̩⁰	təu⁵⁵ʦɹ̩⁰	tu²¹³ʦɹ̩⁵³~tu²¹³pʰi²¹			tu²³ʦe²³	tu⁵³ʦwɹ̩⁰	tu³¹ʦɹ̩⁰	tʰu²¹³ʦɹ̩⁰	tɤu⁴²ʦɹ̩⁰		tu²¹³ʦɹ̩⁰	tu⁴⁴ʦɹ̩⁰	tu³³⁴ʦɹ̩⁰	dəu²³¹bi¹³	tu⁴⁵ʦəʔ⁰		tou⁴⁴ʦɹ̩⁰	
BELLY_3				puʔ²⁴lo³²															pak³²tɔ⁵³
BIG_1	tɑ⁵¹	tai¹¹	ta²¹³	twai²⁴²	tai²²	tai²¹	ta⁵³	ta³¹	tʰɵ³¹	da¹¹	tʰai⁵³	tʰai²¹	tɑ⁴⁴	ta³³⁴	dəu²³¹	ta⁴⁵	dɤu²²	tɑ⁴⁴	twa²²
BIRD_1	njɑu²¹³	ɲjau⁴¹		ʦɛu³²	nju²³	tjɑu²³	njau²¹³~ʨʰjau²¹³	ɲjɔ⁴⁵	ɲje²¹³			ɲjɛu²¹³	ljɔ¹¹		tjæ⁵²	njau⁵³		ʨʰjɑu⁵³	ʦjau⁵³
BIRD_2			ʨʰɥo²¹ə⁵⁵~ʨʰo²¹ʨʰo²¹							tjɤ⁴²ʨi³⁵	tjau³³ve⁰		ʨʰjoʔ⁵ʦɹ̩⁰	ʦʰɥɔ³⁵			tjɛ²⁴²ŋ̍⁰		
BITE_1				ka²⁴²															ka²²
BITE_2	jɑu²¹³	ŋa⁴¹	ŋau⁵³		ŋau²³	ŋɑu²³	jau²¹³	jɔ⁴⁵	ŋɤ²¹³	ŋa³⁵		ŋau²¹³	jɔ¹¹	jau²¹⁴	ŋæ²³¹	jau⁵³	ŋwɔ²⁴²	ɲjɑu⁵³	
BITE_3											ŋat¹								
BLACK_1				u⁵⁵															ɔ⁵⁵
BLACK_2	xei⁵⁵	xə²⁴	xe²¹		hɐk³	xei⁵⁵	xei⁴⁴	xei²¹⁴	xɤʔ³²	xe¹³	het¹	hɛt⁵	xeʔ⁵	xɛ²¹⁴	həʔ⁴	xəʔ²	he⁴¹	xei²¹	
BLOOD_1	ɕɥɛ²¹³	ɕje²⁴	ɕɥe²¹	haiʔ²⁴	hyt³	ɕɥe⁵⁵	ɕɥɛ²¹³	ɕjə²¹⁴	ɕɥaʔ³²	swe¹³	çjat¹	ɕɥet⁵	ɕɥeʔ⁵	sjɛ²¹⁴	ɕɥəʔ⁴	ɕɥəʔ²	ɕy⁴¹	ɕjɛ²¹	hwiʔ³²
BONE_1	ku²¹⁴	ku²⁴təu⁰	ku²¹tʰəu²¹	kɔuʔ²¹~kɔuʔ²⁴kɔuʔ²⁴	kwɐt⁵	ku⁵⁵tai²²	ku²¹³tʰou⁰	ku²¹⁴tʰou⁰	kwɤʔ³²	ku¹³djɤ¹³	kut¹tʰeu¹¹	kuʔ⁵tʰəu⁰	kuʔ⁵tʰəɯ¹³	ku²¹⁴tʰə⁰	kwəʔ⁴dʏ¹³	kwəʔ²təu⁰	ky⁴²dɤu³⁴¹~ky⁴¹	ku²¹tʰou⁰~ku²¹tou⁰	kut³²tʰau²⁴
BREAST_1	ʐu²¹⁴fɑŋ³⁵	y⁴¹fan¹³			y²³fɔŋ²¹	lai²³fɑŋ²²							lu¹¹fɑ̃¹³					vu⁵³fɑŋ²¹	
BREAST_2		lai⁴¹ʦɹ̩⁰	lai⁴⁵lai⁵⁵				nai²¹³ʦɹ̩⁰	ma²¹³ma⁰~nɛ⁴⁵ʦɹ̩⁰	lɔ³⁵ʦɹ̩⁰	la³⁵bu¹³				nai²¹⁴ʦɹ̩⁰					njæ⁵³jã⁵³
BREAST_3												lai²¹³				nai⁵³	na²⁴		
BREAST_4				nɛiŋ⁵³											nɑ¹³nɑ¹³				
BREAST_5							ʦa⁴⁴												
BREAST_6											nen⁵³ku³³								
BURN_1	ʂɑu⁵⁵	sau³³	sau⁴⁵	sjeu⁵⁵	sju⁵³	sɑu⁴²	ʂau⁴⁴	ʂɔ²¹⁴	ɕjo⁵⁵	ɕjɤ⁴⁴	sau³³	sɛu⁴²	sɔ³¹	ʂau⁵²	sæ⁴⁴	sau²¹	ɕjɛ⁴⁴	ʂɑu²¹	sjo⁵⁵
CLAW_1	ʈ͡ʂwa²¹³	ʦau⁴¹~ʦau⁴¹ʦɹ̩⁰	ʦwa⁵³ʦwa²¹	kʰa⁵⁵ʦau³²~ʦau³²	ʦau³⁵	ʦɑu²³ʦe²³	ʈ͡ʂwa²¹³ʦɹ̩⁰	ʈ͡ʂwa⁴⁵ʦɹ̩⁰	ʦɤ²¹³ʦɹ̩⁰	ʦɤ⁴²ʦɹ̩⁰	ʦau³¹	ʦwa²¹³ʦɹ̩⁰	ʦwɑ¹¹ʦɹ̩⁰	ʈ͡ʂwa²¹⁴ʦɹ̩⁰	ʨjɑʔ⁴ʦæ⁵²	ʦwa⁵³	ʨja⁴¹ʦwɔ²⁴²	p͡fɑ⁵³ʦɹ̩⁰	
CLAW_2																			ɡɔ²²njãu⁵³liŋ²⁴
CLOUD_1	yn³⁵	yn¹³	yn²¹	huŋ⁵³	wɐn²¹	yŋ²²		ɥẽ⁵³	ɥɑ̃⁴⁴	un¹³	jun¹¹	yn²⁴	in¹³	yn⁵²	ɦɥən¹³	yŋ²¹	ɥoŋ³⁴¹	ɥẽ²⁴	hun²⁴
CLOUD_2							yn²⁴ʦʰai⁰												
COLD_1				kaŋ⁵³															kwã²⁴
COLD_2				ʦʰiŋ²¹²															ʦʰin²¹
COLD_3	ləŋ²¹⁴	lən⁴¹	nən⁵³	tɔyŋ²¹²	laŋ²³	lei²³	ləŋ²¹³	ləŋ⁴⁵	nẽ²¹³	njɔ̃⁴²	laŋ³³	laŋ²¹³	lən¹¹	ləŋ²¹⁴	la²³¹	ləŋ⁵³	ljɛ²⁴²	ləŋ⁵³	liŋ⁵³
COME_1	lɛ³⁵	lai¹³	lai²¹	li³²	lɔi²¹	lai²²	lai²⁴	lɛ⁵³	na⁴⁴	le¹³	loi¹¹	lai⁴⁵	nɛ¹³	lai³⁵	le̞¹³	lai²¹		lɛ²⁴	lai²⁴
COME_2																	ʦau²⁴²lo⁰		
COUNT_1	ʂu²¹³	səu⁴¹	su⁵³	sou²¹²	sou³⁵	su²⁵	ʂu²¹³	ʂu⁴⁵	su²¹³	sɤu⁴²	sɹ̩⁵³	su²¹³	su¹¹	ʃu³³⁴	səu⁵²	su⁵³		sou⁵³	sɔ²¹
COUNT_2																	ti²⁴		
DIE_1	sɹ̩²¹³	sɹ̩⁴¹	sɹ̩⁵³	si³²	sei³⁵	sɹ̩²³	sɹ̩²¹³	sɹ̩⁴⁵	sɹ̩²¹³	sɹ̩⁴²	sɹ̩³¹	sɹ̩²¹³	sɹ̩¹¹	sɹ̩²¹⁴	si⁵²	sɹ̩⁵³	sɹ̩²⁴²	sɹ̩⁵³	si⁵³
DIE_2		tan¹³sɹ̩⁵⁵lan¹³																	
DIE_3		kwa³³																	
DIRTY_1	ʦɑŋ⁵⁵	ʦan³³	ʦaŋ⁴⁵				ʦaŋ⁴⁴	ʦɑŋ²¹⁴				ʦɔŋ⁴²	ʦɑ̃³¹	ʦaŋ⁵²		ʦɒ̃²¹		ʦɑŋ²¹	
DIRTY_2				la⁵⁵ʦʰa⁵⁵	u⁵⁵ʦou⁵³							ŋa⁴²ʦa⁰					ə⁴⁴ʦə⁴⁴		
DIRTY_3			nəu²¹səu⁵⁵																lau²⁴sjɔŋ²⁴
DIRTY_4				ouʔ⁵ʦʰwoʔ²⁴											oʔ⁴ʦʰoʔ⁴				
DIRTY_5		la²⁴tʰa²⁴	la²¹tʰa²¹			la⁵⁵tʰa²¹	mai²⁴tʰai⁰		voʔ³²lo³¹	pʰa³⁵la¹¹									
DIRTY_6											me⁵³								
DOG_1	kou²¹⁴	kəu⁴¹	kəu⁵³		kɐu³⁵	kai²³	kou²¹³	kou⁴⁵	ki²¹³	tjɤ⁴²	keu³¹	kjɛu²¹³	kəɯ¹¹	kou²¹³	kʏ⁵²	kəu⁵³	kau²⁴²	kou⁵³	kau⁵³
DOG_2				kʰɛiŋ³²~kʰɛiŋ³²ŋjaŋ³²															
DRINK_1					jɐm³⁵														lim⁵⁵
DRINK_2	xɤ⁵⁵	ʨʰja²⁴~xo²⁴	xo⁴⁵	ʦʰwoʔ²⁴~sjøʔ⁵		xwo⁵⁵	xɤ⁴⁴	xɤ²¹⁴	xɤ⁵⁵	ʨʰjɔ¹³	sət⁵	hot²	xoʔ⁵	xa²¹⁴	ʨʰjəʔ⁴~haʔ⁴	xəʔ²	ha⁴¹	xwo²¹	
DRY_1	kan⁵⁵	kan³³	kan⁴⁵	kaŋ⁵⁵~ta⁵⁵	kɔn⁵³	kã²³	kan⁴⁴	kæ̃²¹⁴	kɔ⁵⁵	kã⁴⁴	kon³³	kon⁴²	kɑ̃³¹	kɐn³³⁴	kø⁴⁴	kæ̃²¹	ky⁴⁴	kæ̃²¹	ta⁵⁵
DRY_2																	sə⁵¹		
EAR_1	ə²¹⁴	ə⁴¹	ə⁵³													ə⁵³		ə⁵³	
EAR_2		ə⁴¹to⁰	ə⁵³to⁵⁵			y²³tu²³	ə²¹³two⁰	ə⁴⁵twɤ⁰	ẽ²¹³tɵ²¹³	ɤ⁴²tɤ⁰		ɵ²¹³tɔ⁰	ə¹¹to⁴⁴	ə²¹⁴tə⁰	ɲ²³¹təu⁵²	ə⁵³twɤ⁰	ŋ̍²⁴to²⁴²	ə⁵³two⁰	
EAR_3					i²³ʦɐi³⁵														
EAR_4											ŋi³¹kuŋ³³								
EAR_5				ŋɛi²⁴²															
EAR_6																			hi²²ja⁵³
EARTH (SOIL)_1	tʰu²¹³ti⁵¹	tʰəu⁴¹ti¹¹	tʰu⁵³ti²¹³~ti²¹³	tʰu⁵³lɛi²⁴²	tʰou³⁵tei²²	tʰu²³ti²¹	tʰu²¹³ti⁵³	tʰu⁴⁵ti³¹	ʦʰɹ̩³¹~tʰu²¹³ʦʰɹ̩³¹	tʰɤu⁴²di¹¹~di¹¹	tʰu³¹tʰi⁵³	tʰu²¹³tʰi⁴²	ti⁴⁴~tʰu¹¹ti⁴⁴	tʰu²¹³ti³³⁴	di²³¹bi¹³~tʰəu⁵²di²³¹	tʰu⁵³ti⁴⁵~ti⁴⁵	tʰøy²⁴²dei²²	tʰou⁵³ti⁴⁴~ti⁴⁴	tʰɔ⁵³twe²²
EAT_1	ʈ͡ʂʰɻ̩⁵⁵	ʨʰja²⁴	ʦʰɹ̩²¹	sjeʔ⁵	sek²	ʨʰi⁵⁵	ʈ͡ʂʰɻ̩⁴⁴	ʈ͡ʂʰɻ̩²¹⁴	ʨʰjeʔ³²	ʨʰjɔ¹³	sət⁵	ʨʰjaʔ⁵	ʈ͡ʂʰɻ̩ʔ⁵		ʨʰjəʔ⁴	ʦʰəʔ²	ʦʰɹ̩⁴¹	ʈ͡ʂʰɻ̩²¹	ʦjaʔ⁵
EAT_2														tai²¹⁴					
EGG_1	ʨi⁵⁵tan⁵¹	ʨi³³tan¹¹	ʨi⁴⁵tan²¹³	kje⁵⁵lɔuŋ²⁴²	kɐi⁵³tan²²	ʨi⁴²tã²¹	ʨi⁴⁴tan⁵³	ʨi²¹⁴tæ̃⁴¹	ʦɹ̩⁵⁵ʦɹ̩²¹³	ʨi⁴⁴dã¹¹	ke³³lon³¹	ʨʰi⁴²tʰan²¹	ʨi³¹tɑ̃⁴⁴	ci⁵²tɐn²¹⁴	ʨi⁴⁴de̞²³¹	ʨi²¹tæ̃⁴⁵	ʦɹ̩⁴⁴laŋ²⁴	ʨi²¹tæ̃⁰	kwe⁵⁵nŋ̍²²
EYE_1				mɛiʔ⁵ʦjeu⁵⁵															bak⁵ʦju⁵⁵
EYE_2	jɛn²¹³ʨiŋ⁵⁵	ŋan⁴¹ʨin⁰	jɛn⁵³ʨin⁵⁵		ŋan²³ʦɛŋ⁵⁵	ŋã²³ʦei⁴²	jan²¹³ʨiŋ⁰	jæ̃⁴⁵ʨiŋ⁰	ŋo²¹³ʨjɑ̃⁵⁵	ŋã⁴²ʨy⁴⁴	ŋjan³¹ʦu³³	ŋan²¹³ʨjaŋ⁰	jen¹¹ʨin⁰	jɐn²¹⁴ʦiŋ⁵²	ŋe̞²³¹u⁴⁴ʦɻ̩ʷ⁴⁴	je⁵³ʨiŋ⁰	ŋa²⁴leŋ³⁴¹ʦɹ̩⁴⁴		
EYE_3							jan²¹³									je⁵³		njæ̃⁵³wo⁰	
FALL_1	tjɑu⁵¹	tjau¹¹	tjau²¹³	tɔuŋ²⁴²		tjɑu²⁵	tjau⁵³	tjɔ³¹	tjaʔ³²			tjɛt⁵	tjɔ⁴⁴	tjau³³⁴		tjau⁴⁵~tjəʔ²	daŋ²²	tjɑu⁴⁴	
FALL_2			lo²¹		lɔk²				noʔ³²		lok⁵				dəʔ²³	laʔ²		lwo²¹	lak³²
FALL_3										swa¹³									
FAR_1	ɥɛn²¹³	ɥẽ⁴¹	ɥan⁵³	hwoŋ²⁴²	yn²³	ɥã²³	ɥan²¹³	ɥæ̃⁴⁵	ɥẽ²¹³	wĩ⁴²	jan³¹	ɥon²¹³	ɥen¹¹	ɥɐn²¹⁴	ɦjø²³¹	ɥe⁵³	ju²⁴	ɥæ̃⁵³	wan⁵³
FAT (ORGANIC SUBSTANCE)_1			jəu²¹						jɵ⁴⁴		ju¹¹	ju⁴⁵	jəɯ¹³			jəu²¹		jou²⁴	
FAT (ORGANIC SUBSTANCE)_2				jeu⁵³ʒje⁵⁵															
FAT (ORGANIC SUBSTANCE)_3					kou⁵³														
FAT (ORGANIC SUBSTANCE)_4	ʈ͡ʂɻ̩²¹³fɑŋ³⁵	ʦɹ̩³³fan¹³					ʈ͡ʂɻ̩²¹³faŋ²⁴	ʈ͡ʂɻ̩²¹⁴fɑŋ⁴⁵	ʦɹ̩²¹³xõ⁴⁴			ʦɹ̩²¹³faŋ²¹	ʈ͡ʂɻ̩¹¹fɑ̃¹³	ʈ͡ʂɻ̩²¹⁴faŋ³⁵		ʦɹ̩⁵³fɒ̃⁰	ʦɹ̩⁴⁴hwɔ⁴⁴	ʦɹ̩²¹fɑŋ²⁴	
FAT (ORGANIC SUBSTANCE)_5						pã²³jou²²									ʦɑ̃⁴¹²ɲjoʔ²³				
FAT (ORGANIC SUBSTANCE)_6										ɣwi¹³nio³⁵ʦɹ̩⁰									
FEATHER_1	y²¹³mɑu³⁵	y⁴¹mau¹³	y⁵³mau²¹	y³²mau⁵³~mau⁵³mau⁵³	y²³mou²¹	mɑu²²	y²¹³mau²⁴	y⁴⁵mɔ⁵³~mɔ⁵³	y²¹³mɤ⁴⁴~mɤ⁴⁴	y⁴²mɤ¹³	i³³mau³³	y²¹³mau⁴⁵	i¹¹mɔ¹³	y²¹³mɔ⁵²	y⁴⁴mæ¹³~mæ¹³	y⁵³mau²¹	vu²⁴mə³⁴¹~mə³⁴¹	mɑu²⁴	sit⁵mŋ̍²⁴
FIRE_1	xwo²¹⁴	xo⁴¹	xo⁵³	hwoi³²	fɔ³⁵	xwo²³	xwo²¹³	xwɤ⁴⁵	xɵ²¹³	xo⁴²	fo³¹	fo²¹³	xo¹¹	xwɔ²¹⁴	həu⁵²	xwɤ⁵³	fu²⁴²	xwo⁵³	he⁵³
FISH_1	y³⁵	y¹³	y²¹	ŋy⁵³	y²¹		y²⁴	y⁵³	ɲy⁴⁴	y¹³	nn̩¹¹	ɲje⁴⁵	ɥi¹³	y⁵²	ŋ̍¹³	y²¹	ŋøy³⁴¹	y²⁴	hi²⁴
FISH_2						ŋ̍t²³sɹ̩⁰te³³													
FIVE_1	u²¹³	u⁴¹	u⁵³	ŋou²⁴²	ŋ̍²³	ŋ̍²³	u²¹³	u⁴⁵	vu²¹³	u⁴²	n̩³¹	ŋ̍²¹³	u¹¹	u²¹⁴	ŋ̍²³¹	u⁵³	ŋ̍²⁴	u⁵³	ɡɔ²²
FLESH_1				nyʔ⁵	ik²														baʔ³²
FLESH_2	ʐou⁵¹	ʐəu²⁴	zəu²¹³			jou⁵⁵	ʐou⁵³	ʐou³¹	ɲɥoʔ³²	nio³⁵	ŋjuk¹	ɲjuʔ⁵	ʐəɯ⁴⁴	jou³³⁴	ɲjoʔ²³	zəu⁴⁵	ɲjeu²¹	ʐou⁴⁴	
FLOWER_1	xwa⁵⁵	fa³³	xwa⁴⁵	hwa⁵⁵	fa⁵⁵	fa⁴²	xwa⁴⁴	xwa²¹⁴	xo⁵⁵nn̩⁰	xɔ⁴⁴	fa³³ve⁰	fa⁴⁵	xwɑ³¹	xwa⁵²	ho⁴⁴	xwa²¹	ho⁴⁴	xwɑ²¹	hwe⁵⁵ja⁵³~hwe⁵⁵
FLY (MOVE THROUGH AIR)_1	fei⁵⁵	fei³³	fei⁴⁵	pwoi⁵⁵	fei⁵³	fei⁴²	fei⁴⁴	fei²¹⁴	fi⁵⁵	xwi⁴⁴	fi³³	fɨi⁴²	fei³¹	fe⁵²	fi⁴⁴	fei²¹	fei⁴⁴	fei²¹	pe⁵⁵
FOOT_1				kʰa⁵⁵															kʰa⁵⁵
FOOT_2	ʨjɑu²¹⁴	ʨjo²⁴	ʨɥo²¹pə⁵³		kœk³		ʨjau²¹³	ʨɥɤ²¹⁴	ʨɥoʔ³²	djo¹³	kjok¹	ʨjoʔ⁵	ʨjoʔ⁵	cɥɔ²¹⁴	ʨjɑʔ⁴	ʨjau⁵³	ʨja⁴¹	ʨɥo²¹	
FOOT_3							ʨjau²¹³ja⁴⁴ʦɹ̩⁰												
FOOT_4						ɕy⁵⁵te²²													
FOUR_1	sɹ̩⁵¹	sɹ̩⁵⁵	sɹ̩²¹³	sɛi²¹²	sei³³	sɹ̩²⁵	sɹ̩⁵³	sɹ̩³¹	sɹ̩³⁵	sɹ̩³⁵	si⁵³	sɹ̩⁴⁵	sɹ̩⁴⁴	sɹ̩³³⁴	sɹ̩⁴¹²	sɹ̩⁴⁵	sɹ̩⁵¹	sɹ̩⁴⁴	si²¹
FULL_1	man²¹⁴	mõ⁴¹	man⁵³	mwaŋ³²	mun²³	mã²³	man²¹³	mæ̃⁴⁵	mɑ̃²¹³	mẽ⁴²	man³³	mon²¹³	mɑ̃¹¹	mɐn²¹⁴	mø²³¹	mæ̃⁵³	mø²⁴²	mæ̃⁵³	mwã⁵³
FULL_2			pau²¹³																
FULL_3				ko²¹²louŋ⁵³															
GIVE_1								ʨi⁵³					ʨi¹¹						
GIVE_2				kʰøyʔ²⁴	kʰɐp⁵						kip¹				pəʔ⁴				
GIVE_3	kei²¹⁴		ke⁴⁵	kɔyŋ⁵⁵			kei²¹³					kei²¹³		kei²¹⁴		kei⁵³		kei⁵³	
GIVE_4		pa⁴¹										pa²¹³							
GIVE_5									xɑ̃³⁵								ha⁵¹		ho²²
GIVE_6										nɔ⁴⁴sɹ̩³⁵									
GIVE_7						tja⁵⁵													
GOOD_1	xɑu²¹⁴	xau⁴¹	xau⁵³	ho³²	hou³⁵	xɑu²³	xau²¹³	xɔ⁴⁵	xɤ²¹³	xɤ³⁵	hau³¹	hau²¹³	xɔ¹¹		hæ⁵²	xau⁵³	hə²⁴	xɑu⁵³	ho⁵³
GOOD_2							pu⁵³lai⁵³							pu²¹⁴ʦʰau³³⁴					
GOOD_3							tai⁵³ʨiŋ⁵³												
GRASS_1	ʦʰau²¹⁴	ʦʰau⁴¹	ʦʰau⁵³	ʦʰau³²	ʦʰou³⁵	ʦʰɑu²³	ʦʰau²¹³	ʦʰɔ⁴⁵	ʦʰɤ²¹³	ʦʰɤ⁴²	ʦʰau³¹	ʦʰau²¹³	ʦʰɔ¹¹	ʦʰau²¹⁴	ʦʰæ⁵²	ʦʰau⁵³	ʦʰə²⁴²	ʦʰɑu⁵³	ʦʰau⁵³
GREEN_1	ly⁵¹	ləu²⁴		lwoʔ⁵	lok²	ljou⁵⁵	ly⁵³	ly³¹	nɤʔ²³	lɤu³⁵	ljuk⁵	ljuʔ⁵	luʔ⁵	ly²¹⁴	loʔ²³	ly⁴⁵	lo²¹	ljou²¹	lik⁵
GREEN_2			nu²¹																
HAIR (HEAD)_1	tʰou³⁵fa⁵¹	təu¹³fa²⁴	tʰəu²¹fa²¹	tʰau⁵³woʔ²⁴	tʰɐu²¹fat³	tai²²mau²²	tʰou²⁴fa⁰	tʰou⁵³fa⁰	tʰi⁴⁴mɤ⁴⁴~tʰi⁴⁴faʔ³²	djɤ¹³xɔ⁰	tʰeu¹¹na¹¹mau³³	tʰɛu²⁴fat⁰	tʰəɯ¹³fɑʔ⁵	tou³⁵fa⁰	dʏ¹³faʔ⁴	tʰəu²¹faʔ²	dɤu³⁴¹ho⁴¹	tʰou²⁴fɑ⁰	tʰau²⁴mŋ̍²⁴
HAND_1	ʂou²¹³	səu⁴¹	səu⁵³	ʦʰjeu³²	sɐu³⁵	sou²³	ʂou²¹³	ʂou⁴⁵	si²¹³	ɕio⁴²	su³¹	ɕju²¹³	səɯ¹¹	ʂou²¹⁴	sʏ⁵²	səu⁵³	ɕjeu²⁴	ʂou⁵³	ʦʰju⁵³
HAND_2		səu⁴¹pa⁵⁵ʦɹ̩⁰																	
HEAD_1		lau⁴¹kʰo⁰																	
HEAD_2																təʔ²lau⁵³			
HEAD_3	tʰou³⁵	təu¹³	tʰəu²¹	tʰau⁵³	tʰɐu²¹	tai²²	tʰou²⁴	tʰou⁵³	tʰi⁴⁴	djɤ¹³	tʰeu¹¹na¹¹	tʰɛu²⁴	tʰəɯ¹³	tou³⁵	dʏ¹³	tʰəu²¹	dɤu³⁴¹	tʰou²⁴	tʰau²⁴kʰak³²
HEAD_4																		sɑ²⁴	
HEAR_1	tʰiŋ⁵⁵ʨjɛn⁵¹	tʰin³³ʨjẽ⁵⁵	tʰin⁴⁵tau⁵³	tʰjaŋ⁵⁵ŋjeŋ²¹²	tʰɛŋ⁵³kin³³	tʰei⁴²ʨjã²⁵	tʰiŋ⁴⁴ʨjan⁵³	tʰiŋ²¹³ʨjæ̃⁰	tʰjɑ̃³⁵ʨjẽ³⁵	tʰjɔ̃⁴⁴ʨjæ³⁵		tʰjaŋ⁴²ʨjɛn⁴⁵	tʰin⁴⁴ʨjen⁴⁴	tʰiŋ⁵²cjɐn³³⁴	tʰin⁴⁴ʨjɪ⁴¹²	tʰiŋ²¹ʨje⁴⁵	tʰeŋʥja²¹	tʰiŋ²¹ʨjæ̃⁰	tʰjã⁵⁵tjo⁰
HEAR_2											tʰaŋ³³								
HEART_1	ɕin⁵⁵~ɕin⁵⁵ʦɑŋ⁵¹	ɕin³³~ɕin³³ʦan¹¹	ɕin⁴⁵	siŋ⁵⁵~siŋ⁵⁵ŋouŋ²⁴²	sɐm⁵⁵~sɐm⁵³ʦɔŋ²²	ɕiŋ⁴²~ɕiŋ⁴²ʦɑŋ²¹	ɕin⁴⁴~ɕin⁴⁴ʦaŋ⁵³	ɕjẽ²¹⁴~ɕjẽ²¹³ʦɑŋ²¹	ɕjɑ̃⁵⁵~ɕjɑ̃⁵⁵ʦʰɔ³¹	ɕin⁴⁴~ɣwẽ¹³ɕin⁴⁴	sim³³~sim³³ʦʰoŋ⁵³	ɕin⁴²~ɕin⁴²ʦɔŋ⁴²	ɕin³¹~ɕin³¹ʦɑ̃⁴⁴	sin⁵²~sin⁵²ʦaŋ³³⁴	sin⁴⁴~sin⁴⁴zɑ̃⁴⁴	ɕin²¹~ɕin²¹ʦɒ̃⁴⁵	saŋ⁴⁴~saŋ⁴⁴zwɔ²²	ɕjẽ²¹~ɕjẽ²¹ʦɑŋ⁴⁴	sim⁵⁵~sim⁵⁵ʦɔŋ²²
HEAVY_1	ʈ͡ʂuŋ⁵¹	ʦən¹¹	ʦoŋ²¹³	tɔyŋ²⁴²	ʦoŋ²²	ʦwɤŋ²³	ʦuŋ⁵³	ʈ͡ʂuŋ³¹	ʦʰɑ̃²¹³	dɤn¹¹	ʦʰuŋ⁵³	ʦʰuŋ²¹	ʦoŋ⁴⁴	ʈ͡ʂoŋ³³⁴	zoŋ²³¹	ʦuŋ⁴⁵	ʥɥɔ²⁴	p͡fəŋ⁴⁴	taŋ²²
HOLD OR TAKE_1					lɔ³⁵												to²⁴²		
HOLD OR TAKE_2	na³⁵	la¹³		to⁵³			na²⁴	na⁵³	tɔ⁵⁵	nɔ⁴⁴	na³³	la⁴⁵	lɑ¹³	na⁵²	no¹³	na²¹		nɑ²⁴	
HOLD OR TAKE_3												laʔ⁵							tʰeʔ⁵
HOLD OR TAKE_4			tai²¹			kei²²													
HOLD OR TAKE_5				njeŋ⁵⁵															
HORN (ANATOMY)_1	ʨjɑu²¹⁴	ʨjo²⁴	ʨɥo²¹ʨɥo²¹	køyʔ²⁴koyʔ²⁴	kɔk³	kɑu⁵⁵	ʨjau²¹³	ʨɥɤ²¹⁴	koʔ³²~ʨɥoʔ³²nn̩⁰	ko¹³	kok¹ve⁰	kɔʔ⁵	koʔ⁵	cɥɔ²¹⁴	koʔ⁴	ʨɥəʔ²	ko⁴¹	ʨɥo²¹	kak³²
HOT_1	ʐɤ⁵¹	ɥe²⁴	ze²¹	jeʔ⁵	it²	lje⁵⁵	ʐy⁵³	ʐy³¹	ɲjaʔ³²	je¹³		lɛt⁵	ʐeʔ⁵	jɛ²¹⁴	ɲjɛʔ²³	zəʔ²	ɲi²¹	ʐɤ²¹	ljat⁵
HOT_2											sau³³								
I_1	wo²¹³	ŋo⁴¹	ŋo⁵³		ŋɔ²³	wo²³	wo²¹³	vɔ⁴⁵	ɔ²¹³	ŋ̍⁴²		ŋo²¹³	o¹¹	wɔ²¹⁴	ŋəu²³¹	ɣɤ⁵³	ŋ̍²⁴	ŋɤ⁵³	
I_2				ŋwai³²							ŋai¹¹								ŋwa⁵³
KILL_1	ʂa⁵⁵	sa²⁴	sa²¹		sat³	sa⁵⁵	ʂa⁴⁴	ʂa²¹⁴	saʔ³²	sa¹³	sat¹	sat⁵	sɑʔ⁵	ʂa²¹⁴	saʔ⁴	saʔ²	sa⁴¹	sɑ²¹	
KILL_2			ʦai⁵³	tʰai⁵³															tʰai²⁴
KNEE_1							pɤ²¹³ləŋ⁰ka⁵³						po³¹lo¹³kə⁴⁴	pɔ⁵²lə⁰kai³³⁴					
KNEE_2		ɕi²⁴təu¹³ku⁰~kə²⁴ɕi²⁴ku⁰	kʰe²¹ɕi²¹tʰə²¹	kʰa⁵⁵βuʔ²⁴tʰau⁵³	sɐt⁵tʰɐu²¹	ɕy⁵⁵tai²²			ʨɥoʔ³²ɕjeʔ⁵⁵tʰi⁴⁴	ʨʰi¹³djɤ¹³ku⁰	ʦʰit¹tʰeu¹¹		kʰu⁴⁴ʨʰi⁰tʰɯ¹³		ʨjɑʔ⁴mø¹³dʏ¹³		ʨja³¹kʰø⁴¹dɤu³⁴¹	kʰɯ²¹ʨʰi²¹kɛ⁴⁴	kʰa²²tʰau²⁴hu⁵⁵
KNEE_3	ʨʰi⁵⁵	ɕi²⁴																ʨʰi²¹	
KNEE_4		ɕi²⁴kai⁵⁵					ɕi²¹³kai⁵³	ʨʰi²¹⁴ka²¹				ʨʰit⁵kai⁴²	ɕiʔ⁵kɛ⁴⁴kuʔ⁵			ɕjəʔ²kai⁴⁵			
KNEE_5																ɕjəʔ²			
KNOW (SOMETHING)_1			toŋ⁵³no²¹	pɛiʔ²⁴twoŋ⁵³															
KNOW (SOMETHING)_2		ɕjau⁴¹tə⁰	ɕjau⁵³te²¹	ɛ²⁴²hjeu³²		ɕjɑu²³tja⁵⁵			ɕje²¹³tje⁴⁴	ɕjɤ²¹te¹³		ɕjɛu²¹³tɛt⁰			ɕjæ⁵²təʔ⁰		ɕja²⁴²te⁰		
KNOW (SOMETHING)_3	ʈ͡ʂɻ̩⁵⁵tɑu⁵¹	ʦɹ̩³³tau⁵⁵			ʦi³³tou²²		ʈ͡ʂɻ̩⁴⁴tau⁵³	ʈ͡ʂɻ̩²¹⁴tɔ³¹					ʈ͡ʂɻ̩³¹tɔ⁴⁴	ʧi⁵²tau³³⁴		ʦɹ̩²¹tau⁴⁵		ʈ͡ʂɻ̩²¹tɑu⁰	ʦai⁵⁵jã⁵³
KNOW (SOMETHING)_4				ɛ²⁴²paiʔ²⁴							ti³³tet¹								
LAUGH_1	ɕjɑu⁵¹	ɕjau⁵⁵	ɕjau²¹³	ʦʰjeu²¹²	sju³³	ɕjɑu²⁵	ɕjau⁵³	ɕjɔ³¹	ɕje³⁵	sjɤ³⁵	sjau⁵³	ɕjɛu⁴⁵	ɕjɔ⁴⁴	sjau³³⁴	sjæ⁴¹²	ɕjau⁴⁵	ɕjɛ⁵¹	ɕjɑu⁴⁴	ʦʰjo²¹
LAUGH_2							lɤ⁵³												
LEAF_1	jɛ⁵¹				ip²				jaʔ³²					jə²¹⁴		je⁴⁵	ji²¹	jɛ²¹	
LEAF_2		je²⁴ʦɹ̩⁰		loʔ⁵~loʔ⁵loʔ⁵		lje⁵⁵te²³	jɛ⁵³ʦɹ̩⁰	jə³¹ʦɹ̩⁰		je³⁵ʦɹ̩⁰	jap⁵pe⁰	jɛt⁵ʦɹ̩⁰	jeʔ⁵ʦɹ̩⁰		ɦjəʔ²³ʦɹ̩⁵²	je⁴⁵ʦəʔ⁰			hjoʔ⁵
LEAF_3			su²¹³ʦɹ̩⁵³je²¹je²¹																
LEG_1	tʰwei²¹³	tʰei⁴¹~tʰei⁴¹pa⁵⁵ʦɹ̩⁰	tʰwei⁵³		tʰøy³⁵		tʰwei²¹³	tʰwei⁴⁵	tʰa²¹³	tʰwe⁴²	tʰwi³¹	tʰwi²¹³	tʰwei¹¹	tʰei²¹⁴	pʰɑ̃⁵²	tʰwei⁵³		tʰwei⁵³	
LEG_2				kʰa⁵⁵løy³²													ʨja⁴¹ʨja⁴¹		kʰa⁵⁵kut³²
LEG_3						ʨjɑu⁵⁵tu²¹ʦe²³													
LIE (REST)_1									kʰwɑ̃³⁵	kʰun³⁵	min¹¹								
LIE (REST)_2	tʰɑŋ²¹³	tʰan⁴¹		to³²	tʰɔŋ³⁵	tʰɑŋ²³	tʰaŋ²¹³	tʰɑŋ⁴⁵	tʰõ²¹³		tʰoŋ¹¹	tʰɔŋ²¹³	tʰɑ̃¹¹	tʰaŋ²¹³	tʰɑ̃⁵²	tʰɒ̃⁴⁵			to⁵³
LIE (REST)_3			tʰaŋ⁵³tau⁵³ʨʰi⁵³																
LIE (REST)_4		ɕɥei¹¹	swei²¹³tau⁵³~swei²¹³ʨʰi⁵³										swei⁴⁴					fei⁴⁴	
LIE (REST)_5																	fa⁴⁴		
LIVER_1			tan⁵³															tæ̃⁵³	
LIVER_2	kan⁵⁵	kan³³		kaŋ⁵⁵	kɔn⁵³	kwɑ⁴²	kan⁴⁴	kæ̃²¹³	kɔ⁵⁵	kwẽ⁴⁴	lon³³	kon⁴²	kɑ̃³¹	kɐn⁵²	kø⁴⁴	kæ̃²¹	ky⁴⁴		kwã⁵⁵
LONG_1	ʈ͡ʂʰɑŋ³⁵	ʦan¹³	ʦʰaŋ²¹	twoŋ⁵³	ʦʰœŋ²¹	ʦɑŋ²²	ʈ͡ʂʰaŋ²⁴	ʦʰɑŋ⁵³	ʨʰjõ⁴⁴	ʥɔŋ¹³	ʦʰoŋ¹¹	ʦʰɔŋ²⁴	ʦʰɑ̃¹³	ʈ͡ʂʰaŋ³⁵	zã¹³	ʦʰɒ̃²¹	ʥi³⁴¹	ʈ͡ʂʰɑŋ²⁴	tŋ̍²⁴
LOUSE_1	ʂɻ̩⁵⁵	sɹ̩²⁴~sɹ̩²⁴po¹³ʦɹ̩⁰	se²¹ʦɹ̩⁵³	sɛiʔ²⁴mo³²	sɐt⁵	sɤ⁵⁵	ʂɻ̩⁴⁴ʦɹ̩⁰	ʂɻ̩²¹⁴ʦɹ̩⁰	ɕjeʔ³²ʦɹ̩⁰	ɕe¹³bu¹³sɹ̩⁰	set¹ma¹¹	sət⁵	seʔ⁵ʦɹ̩⁰	ʂɻ̩⁵²		səʔ²~səʔ²ʦəʔ⁰	sai⁴¹	sei²¹	
LOUSE_2															djæ¹³səʔ⁴				
LOUSE_3																			ka⁵⁵ʦau⁵³
MAN_1	nan³⁵ʐən³⁵	lan¹³ʐən¹³~lan¹³ti⁰~lan¹³ʐən⁰ka⁰	nan²¹zən²¹~nan²¹ni⁵⁵	touŋ²¹²mwo³²nøyŋ⁵³~naŋ⁵³ŋai²¹²	nam²¹ljɐn²¹	lã²²liŋ²²	ta⁵³lau²¹³ɛ²⁴mə⁰~lau²¹³jɛ²⁴mə⁰	næ̃⁵³ʐẽ⁰	nɔ⁴⁴nɤ⁰	nã¹³nin¹³ka⁴⁴	nam¹¹me³³ŋin¹¹	lan⁴⁵lɨn⁰	lɑ̃¹³ʐən¹³	nɐn³⁵in⁰	nø¹³ɲin¹³	næ̃²¹zəŋ²¹	nø³⁴¹ʦɹ̩²⁴²kʰa⁴¹	næ̃²⁴ʐẽ⁰	ta²²pɔ⁵⁵laŋ²⁴
MANY_1	two⁵⁵	to³³	to⁴⁵		tɔ⁵³	two⁴²	two⁴⁴	twɤ²¹⁴	tɵ⁵⁵	to⁴⁴	to³³	to⁴²	to³¹	twɔ⁵²	təu⁴⁴	two²¹	tɤu⁴⁴	two²¹	
MANY_2				sa²⁴²															ʦwe²²
MOON_1	ɥɛ⁵¹ljɑŋ⁰	ɥe²⁴ljan¹¹~ɥe²⁴ljan¹¹pa³³pa⁰	ɥe²¹ljaŋ⁰		yt²kwɔŋ⁵⁵	lɥe⁵⁵ljɑŋ²¹	ɥɛ⁵³ljaŋ⁰	ɥɤ²¹ljɑŋ³¹	ɥaʔ³²ɲjɑ̃³¹	we³⁵kɔŋ⁴⁴	ŋjat⁵kwoŋ³³	ɲɥot⁵ljɔŋ⁰	ɥeʔ⁵ljɑ̃⁰	ɥɛ³⁴ljaŋ³³⁴	ŋəʔ²³ljã²³¹	ɥəʔ²ljɒ̃⁴⁵	ɲy²¹kwɔ⁴⁴	ɥɛ²¹ljɑŋ⁰	ɡeʔ⁵njũ²⁴
MOON_2				ŋwoʔ⁵												ɥəʔmi⁰			
MOUNTAIN_1	ʂan⁵⁵	san³³	san⁴⁵	saŋ⁵⁵	san⁵³	sã⁴²	ʂan⁴⁴	ʂæ̃²¹³	sɔ⁴⁴	sã⁴⁴	san³³	san⁴²	sɑ̃³¹	ʂɐn⁵²	se̞⁴⁴	sæ̃²¹	sa⁴⁴	sæ̃²¹	swã⁵⁵
MOUTH_1	ʦwei²¹³	ʦei⁴¹	ʦwei⁵³pa⁵⁵	ʦʰwoi²¹²	ʦøy³⁵	ʦwei²³	ʦwei²¹³~ʦwei²¹³pa⁰	ʦwei⁴⁵	ʨy²¹³	ʨy⁴²	ʦoi⁵³	ʦwi²¹³	ʦwei¹¹~ʦwei¹¹pɑ³¹	ʦei²¹⁴	ʦɻ̩ʷ⁵²	ʦwei⁵³	ʦɹ̩²⁴	ʦwei⁵³	ʦʰwi²¹
MOUTH_2			ja²¹pa⁵⁵																
NAME_1	miŋ³⁵ʦɹ̩⁰	min¹³ʦɹ̩⁰	min²¹ʦɹ̩²¹³	mjaŋ⁵³ʒɛi²⁴²	mɛŋ²¹ʦi²²	mei²²ʦɹ̩²¹	miŋ²⁴ʦɹ̩⁰	miŋ⁵³ʦɹ̩⁰	mjɑ̃⁴⁴ʦʰɹ̩³¹	mjɔ̃¹³ʣɹ̩¹¹	mjaŋ¹¹sɹ̩⁵³	mjaŋ⁴⁵ʦɹ̩⁰	min¹³sɹ̩⁰	miŋ⁵²ʦɹ̩⁰	min¹³zɹ̩²³¹	miŋ²¹ʦɹ̩⁴⁵	meŋ³⁴¹zɹ̩²²	miŋ²⁴ʦɹ̩⁰	mjã²⁴li²²
NEAR_1	ʨin⁵¹	ʨin⁴¹	ʨin²¹³	køyŋ²⁴²~køyŋ²⁴²nau⁵⁵	kɐn²²	ʨiŋ²⁵	ʨin⁵³	ʨjẽ³¹	ʨʰjɑ̃²¹³	din¹¹	kʰjun⁵³	ʨʰin²¹	ʨin⁴⁴	cin³³⁴	ʥin²³¹	ʨiŋ⁴⁵	ʣjaŋ²⁴	ʨin⁴⁴	kun²²
NECK_1	po³⁵ʦɹ̩⁰	po¹³ʦɹ̩⁰					pɤ²⁴ʦɹ̩⁰	pɤ⁵³ʦɹ̩⁰				pɔʔ⁵ʦɹ̩⁰	poʔ⁵ʦɹ̩⁰	pɔ³⁵kəŋ²¹⁴ʦɹ̩⁰		paʔ⁵⁴ʦəʔ⁰		po²⁴ʦɹ̩⁰	
NECK_2		ʨin⁴¹kən³³	ʨin⁵³xaŋ⁵³~ʨin⁵³ʦɹ̩⁵³		kɛŋ³⁵	kei²³				ʨjɔ̃⁴²ku⁰	kjaŋ³¹kin³³	ʨjaŋ²¹³							
NECK_3				tau²⁴²ɔuʔ²⁴					kʰi³⁵ʨjɑ̃²¹³						dʏ¹³ʨin⁵²		dɤu³⁴¹ʨjaŋ²⁴²		am²²kun⁵³
NEW_1	ɕin⁵⁵	ɕin³³	ɕin⁴⁵	siŋ⁵⁵	sɐn⁵³	ɕiŋ⁴²	ɕin⁴⁴	ɕjẽ²¹⁴	ɕjɑ̃⁵⁵	ɕin⁴⁴	sin³³	ɕin⁴²	ɕin³¹	sin⁵²	sin⁴⁴	ɕiŋ²¹	saŋ⁴⁴	ɕjẽ²¹	sin⁵⁵
NIGHT_1		ja¹¹ka⁰ʦɹ̩⁰					ɕja⁵³xə⁴⁴~ɕja⁵³wa²¹³xei⁴⁴					ja²¹wan²¹³			jɑ⁴¹²li⁰ɕjã⁴¹²				
NIGHT_2			xe²¹ləu²¹															xei²¹ljɛ⁰	
NIGHT_3						ja²¹xa²²			io³¹xo⁰	jɔ¹¹li⁰				xou³³⁴ʂɻ̩⁰					
NIGHT_4											am⁵³pu³³						ɦ³⁴¹ɕy⁴⁴		e²²hŋ̍⁵⁵
NIGHT_5	wan²¹³ʂɑŋ⁵¹	wan⁴¹san¹¹	wan⁵³saŋ²¹³		man²³sœŋ²²		wan²¹³ʂaŋ⁰	væ̃⁴⁵ʂɑŋ⁰					wɑ̃¹¹sɑ̃⁴⁴			væ̃⁵³sɒ̃⁴⁵			
NIGHT_6				maŋ⁵³mwo⁵⁵															
NOSE_1		pi²⁴		pʰɛi²¹²															pʰjæ²²jã⁵³~pʰjæ²²
NOSE_2	pi³⁵ʦɹ̩⁰	pi²⁴ʦɹ̩⁰	pi²¹ʦɹ̩⁵³		pei²²kɔ⁵⁵	pi²²kʰɤn²³	pi²⁴ʦɹ̩⁰	pi⁵³ʦɹ̩⁰	pʰɹ̩³⁵kʰɑ̃²¹³	pʰi¹¹djɤ¹³	pʰi⁵³kuŋ³³	pʰit²¹ʦɹ̩⁰	piʔ⁵ʦɹ̩⁰	pi³⁵ʦɹ̩⁰	bəʔ²³dʏ¹³	pjəʔ⁵⁴~pjəʔ⁵⁴ʦəʔ⁰	bei²¹dɤu³⁴¹	pi²⁴ʦɹ̩⁰	
NOT_1				iŋ⁵⁵															
NOT_2				ŋ̍²⁴²															
NOT_3				mo⁵³							mm̩¹¹								bo²⁴
NOT_4	pu⁵¹	pu²⁴	pu²¹		pɐt⁵	pu²²	pu⁵³	pu²¹⁴	pɤʔ³²	pʰu¹³		pʰɨt⁵	puʔ⁵	pu²¹⁴	fəʔ⁴	pəʔ²	fu²⁴	pu²¹	
OLD (AGED)_1	lɑu²¹⁴	lau⁴¹	lau⁵³	lau²⁴²~lo³²	lou²³	lɑu²³	lau²¹³	lɔ⁴⁵	nɤ²¹³	lɤ⁴²	lau³¹	lau²¹³	lɔ¹¹	lau²¹⁴	læ²³¹	lau⁵³	lə²⁴	lɑu⁵³	lau²²
ONE_1	i⁵⁵	i²⁴	i²¹			i⁵⁵	i⁴⁴	i²¹⁴		i¹³				i²¹⁴				i²¹	
ONE_2				soʔ⁵~ɛiʔ²⁴	jɐt⁵				jeʔ³²		it¹	it⁵	iʔ⁵		jəʔ⁴	jəʔ²	jai⁴¹		ʦit⁵
PATH_1	lu⁵¹	ləu¹¹	nu²¹³	two²⁴²	lou²²	lu²¹	lu⁵³~tau⁵³	lu³¹	nu³¹	lɤu¹¹	lu⁵³	lu²¹	lu⁴⁴	tɔ³³⁴	ləu²³¹	lu⁴⁵	løy²²	lou⁴⁴	lɔ²²
PERSON_1	ʐən³⁵	ʐən¹³	zən²¹	nøyŋ⁵³	jɐn²¹	liŋ²²	in²⁴	ʐẽ⁵³	jɑ̃⁴⁴	nin¹³	ŋin¹¹	lɨn⁴⁵	ʐɛn¹³	in⁵²	ɲin¹³	zəŋ²¹	naŋ³⁴¹	ʐẽ²⁴	laŋ²⁴
RAIN (PRECIPITATION)_1	y²¹³	y⁴¹	y⁵³	y³²	y²³	y²³	y²¹³	y⁴⁵	y²¹³	y⁴²	i³¹	y²¹³	y¹¹	y²¹⁴	ɦy²³¹	y⁵³	v²⁴	y⁵³	hɔ²²
RED_1	xuŋ³⁵	xən¹³	xoŋ²¹	øyŋ⁵³	hoŋ²¹	xɤn²²	xuŋ²⁴	xuŋ⁵³	fɑ̃⁴⁴	ɣɤn¹³	fuŋ¹¹	fuŋ⁴⁵	xoŋ¹³	xoŋ³⁵	ɦoŋ¹³	xuŋ²¹	ɦoŋ³⁴¹	xuŋ²⁴	
RED_2																			aŋ²¹
ROOT_1	kə⁵⁵	kən³³	kən⁴⁵	kyŋ⁵⁵	kɐn⁵⁵	kɤn⁴²	kən⁴⁴	kẽ²¹⁴	kɑ̃⁵⁵	kẽ⁴⁴	kin³³	kjɛn⁴²	kən³¹	kən⁵²	kən⁴⁴	kəŋ²¹	ky⁴⁴	kẽ²¹	kun⁵⁵
ROOT_2		təu³³ʦɹ̩⁰																	
ROOT_3																	ʥɥɔ³⁴¹		
ROPE_1				soʔ²⁴							sok¹								soʔ³²a⁵³
ROPE_2	ʂəŋ³⁵	sən¹³ʦɹ̩⁰~so²⁴ʦɹ̩⁰	swən²¹ʦɹ̩⁵³~swən²¹sə²¹~so²¹sə²¹~so²¹ʦɹ̩²¹		seŋ²¹	swo⁵⁵ʦe²³	ʂəŋ²⁴ʦɹ̩⁰	ʂəŋ⁵³ʦɹ̩⁰	ɕjɑ̃⁴⁴	ʑin¹³ʦɹ̩⁰		sɨn⁴⁵ʦɹ̩⁰	sən¹³ʦɹ̩⁰	ʂəŋ³⁵ʦɹ̩⁰	zən¹³	səŋ²¹~səŋ²¹ʦəʔ⁰	zeŋ³⁴¹	ʂəŋ²⁴	
ROUND_1	ɥɛn³⁵	ɥẽ¹³	ɥan²¹	jeŋ⁵³	yn²¹	ɥã²²	ɥan²⁴	ɥæ̃⁵³	ɥẽ⁴⁴		jan¹¹	ɥon⁴⁵	ɥen¹³	tʰɐn³⁵	ɦjø¹³	ɥe²¹	jy³⁴¹	ɥæ̃²⁴	jæ²⁴
ROUND_2										wĩ¹³tʰwe⁴⁴									
SALT_1	jɛn³⁵	jẽ¹³	jɛn²¹pa⁵⁵	sjeŋ⁵³	im²¹	jã²²	jan²⁴	jæ̃⁵³	jẽ⁴⁴	njæ¹³	jam¹¹	jɛn⁴⁵	jen¹³	jɐn⁵²	ɦjɪ¹³	ɕje²¹je²¹	ji³⁴¹	jæ̃²⁴	jam²⁴
SAND_1	ʂa⁵⁵	sa³³ʦɹ̩⁰~sa³³po¹³ʦɹ̩⁰	sa⁴⁵~sa⁴⁵sa⁵⁵~sa⁴⁵ʦɹ̩⁰	sai⁵⁵	sa⁵³	sɑ⁴²ʦe²³	ʂa⁴⁴ʦɹ̩⁰	ʂa²¹⁴ʦɹ̩⁰	so⁵⁵ʦɹ̩⁰	sɔ⁴⁴ʦɹ̩⁰	sa³³ve⁰	sa⁴²ʦɹ̩⁰	sɑ³¹ʦɹ̩⁰	ʂa⁵²	so⁴⁴	sa²¹	so⁴⁴	sɑ²¹ʦɹ̩⁰	swa⁵⁵
SAY_1	ʂwo⁵⁵	so²⁴	so²¹		syt³		ʂwo⁴⁴	ʂwɤ²¹	ɕɥaʔ³²				soʔ⁵	ʃwɛ²¹⁴	səʔ⁴	swəʔ²		ʂy²¹	
SAY_2		ʨjan⁴¹		kouŋ³²		kɑŋ²³			kõ²¹³	kɔŋ⁴²	koŋ³¹		ʨjɑ̃¹¹				kwɔ²⁴²		kɔŋ⁵³
SAY_3			pai⁵³				pai⁴⁴												
SAY_4							lau⁴⁴												
SAY_5												wa²¹							
SEE_1	kʰan⁵¹ʨjɛn⁵¹	kʰan⁵⁵ʨjan⁵⁵	kʰan²¹³tau⁵³	kʰaŋ²¹²ŋjeŋ²¹²	tʰɐi³⁵kin³³	kʰwã⁴²ʨjã⁴²	kʰan⁵³ʨjan⁰~ʈ͡ʂʰou²¹³ʨjan⁰	kʰæ̃³¹ʨjæ̃⁰	kʰɔ³⁵ʨje³⁵	kʰẽ³⁵ʨjæ³⁵	kʰon⁵³kjan⁵³	kʰon²¹³ʨjɛn⁴⁵~kʰon²¹³tau⁴²	kʰɑ̃⁴⁴ʨjen⁴⁴	kʰɐn³³⁴cjɐn³³⁴	kʰø⁵²ʨjɪ⁴¹²	kʰæ̃⁴⁵ʨje⁴⁵	ʦʰɹ̩⁴⁴ʥja⁰	kʰæ̃⁴⁴ʨjæ̃⁰	kʰwã²¹tjo⁰
SEE_2																			ki²²
SEED_1	ʈ͡ʂuŋ²¹³ʦə⁰	ʦən⁴¹ʦɹ̩⁰	ʦoŋ⁵³ʦɹ̩⁵³	ʦi³²ʦi³²	ʦoŋ³⁵ʦi³⁵	ʦwɤŋ²³ʦe²³	ʦuŋ²¹³ʦɹ̩⁰	ʈ͡ʂuŋ⁴⁵ʦɹ̩⁰	ʦɑ̃²¹³ʦɹ̩²¹³	tɤn⁴²ʦɹ̩⁰	ʦuŋ³¹ŋe⁰	ʦuŋ²¹³ʦɹ̩⁰	ʦoŋ¹¹sɹ̩⁰	ʈ͡ʂoŋ²¹⁴ʦɹ̩⁰	ʦoŋ⁵²	ʦuŋ⁵³ʦəʔ⁰	ʨɥɔ²⁴	p͡fəŋ⁵³ʦɹ̩⁰	ʦiŋ⁵³
SEW_1	fəŋ³⁵	xən¹³	foŋ²¹			fɤn²²	fəŋ²⁴	fəŋ⁵³	fɑ̃⁴⁴	ɣɤn¹³	pʰuŋ¹¹	fuŋ⁴⁵	fən¹³	fəŋ³⁵	voŋ¹³	fəŋ²¹		fəŋ²⁴	
SEW_2		ljẽ¹³		tʰjeŋ²¹²	lyn²¹							ljɛn⁴⁵					leŋ²²		tʰjæ²²
SEW_3				pʰuŋ⁵³ɛiŋ²⁴²															
SHARP_1	ʨjɛn⁵⁵	ʨjan³³	ʨjɛn⁴⁵	ʦjeŋ⁵⁵	ʦim⁵³	ʨjã⁴²	ʨjan⁴⁴	ʨjæ̃²¹⁴	ʦẽ⁵⁵	ʨjæ⁴⁴	ʦjam³³	ʨjɛn⁴²	ʨjen³¹	ʦjɛ⁵²	ʦi⁴⁴	ʨje²¹	ʨi⁴⁴	ʨjæ̃²¹	ʦjam⁵⁵
SHORT_1	twan²¹⁴	tõ⁴¹	twan⁵³	tøy³²	tyn³⁵	twã²³	twan²¹³	twæ̃⁴⁵	tɑ̃²¹³	twẽ⁴²	ton³¹	ton²¹³	twɑ̃¹¹	tɐn²¹⁴	tø⁵²	twæ̃⁵³	tø²⁴	twæ̃⁵³	te⁵³
SIT_1	ʦwo⁵¹	ʦo¹¹	ʦo²¹³	sɔy²⁴²	ʦʰɔ²²	ʦwo²³	ʦwo⁵³	ʦwɤ³¹	kʰwi²¹³	ʦʰo¹¹	ʦʰo³³	ʦʰo²¹	ʦo⁴⁴	ʦwɔ³³⁴	zəu²³¹	ʦwɤ⁴⁵	zo²⁴	ʦwo⁴⁴	ʦe²²
SKIN_1	pʰi³⁵fu⁰	pi¹³fu³³	pʰi²¹pʰi²¹~pʰi²¹ʦɹ̩⁵³	pʰwoi⁵³u⁵⁵~pʰwoi⁵³	pʰei²¹fu⁵³	pi²²fu⁴²		pʰi⁵³fu²¹⁴	pʰɹ̩⁴⁴	pʰi¹³	pʰi¹¹	pʰi²⁴fu⁰	pʰi¹³fu³¹	pʰi³⁵fu⁵²	bi¹³fu⁴⁴	pʰi²¹fu²¹	bei³⁴¹fu⁴⁴	pʰi²⁴	pʰe²¹
SKIN_2							ʐou⁵³pʰjə²⁴												
SKY_1	tʰjɛn⁵⁵kʰuŋ⁵⁵	tʰjẽ³³kʰən³³	tʰjɛn⁴⁵saŋ²¹³	tʰjeŋ⁵⁵nøyŋ⁵⁵	tʰin⁵⁵hoŋ⁵³	tʰjã⁴²kʰɤn⁴²	tʰjan⁴⁴~tʰjan⁴⁴ʂaŋ⁰	tʰjæ̃²¹⁴kʰuŋ³¹	tʰẽ⁵⁵kʰwɑ̃⁵⁵	tʰjæ⁴⁴	tʰjen³³hoŋ⁵³	tʰjɛn⁴²kuŋ⁴²	tʰjen³¹kʰoŋ³¹	tʰjɐn⁵²kʰoŋ³³⁴	tʰjɪ⁴⁴~tʰjɪ⁴¹læ²³¹ɦjɑ¹³	tʰje²¹sɒ̃⁴⁵	tʰi⁴⁴lei⁴⁴	tʰjæ̃²¹kʰuŋ²¹	tʰjæ⁵⁵tiŋ⁵³
SLEEP_1	ʂwei⁵¹	ɕɥei¹¹	swei²¹³		søy²²	swei²¹	ʂwei⁵³	ʂwei³¹			soi⁵³		swei⁴⁴	ʂwei³³⁴		swei⁴⁵		fei⁴⁴	
SLEEP_2		kʰwən⁵⁵		kʰɔuŋ²¹²					kʰwɑ̃³⁵	kʰun³⁵		kʰun²¹³			kʰwən⁴¹²		kʰy⁵¹		kʰun²¹
SMALL_1	ɕjɑu²¹³	ɕjau⁴¹~ɕi⁵⁵	ɕjau⁵³	sɑ²¹²	sju³⁵	ɕi²⁴	ɕjau²¹³	ɕjɔ⁴⁵	ɕje²¹³	ɕjɤ⁴²	se⁵³	ɕjɛu²¹³	ɕjɔ¹¹	sjau²¹⁴	sjæ⁵²	ɕjau⁵³	sai²⁴	ɕjɑu⁵³	swe²¹
SMALL_2				nɔuŋ²⁴²															
SMOKE (EXHAUST)_1	jɛn⁵⁵	jẽ³³	jɛn⁴⁵jə⁵⁵~jɛn⁴⁵ʦɹ̩⁵³	houŋ⁵⁵	in⁵⁵	jã⁴²	jan⁴⁴	jæ̃²¹⁴	jẽ⁵⁵	njæ⁴⁴	jan³³	jɛn⁴²	jen³¹	jɐn⁵²	jɪ⁴⁴	je²¹	i⁴⁴	jæ̃²¹	hun⁵⁵
SNAKE_1	ʂy³⁵	sə¹³	se²¹		sɛ²¹	sa²²	ʂy²⁴	ʂa⁵³	so⁴⁴	ʨʰjɔ¹³		sa⁴⁵	ʂə¹³		zo¹³	sɤ²¹	zei³⁴¹		ʦwa²⁴
SNAKE_2							ʈ͡ʂʰaŋ²¹ʈ͡ʂʰuŋ²¹				sa¹¹ko³³			ʈ͡ʂʰaŋ³⁵ʈ͡ʂʰoŋ⁰				ʈ͡ʂʰɑŋ²⁴p͡fʰəŋ⁰	
SNAKE_3			so⁴⁵lau⁵³ə²¹³	lau³²lje⁵³															
STAND_1	ʈ͡ʂan⁵¹	ʦan⁵⁵	ʦan²¹³		ʦam²²	ʦã²¹	ʈ͡ʂan⁵³	ʈ͡ʂæ̃³¹		ʦã³⁵		ʦan⁴⁵	ʦɑ̃⁴⁴			ʦæ̃⁴⁵		ʦæ̃⁴⁴	
STAND_2		ti⁵⁵																	
STAND_3				kʰje²⁴²					kʰa²¹³		kʰi³³						ɡe²⁴		kʰja²²
STAND_4														li²¹⁴ʈ͡ʂə⁰					
STAND_5															ljəʔ²³				
STAR_1	ɕiŋ⁵⁵ɕiŋ⁰	ɕin³³ɕin⁰	ɕin⁴⁵ɕjə⁵⁵~ɕin⁴⁵ɕjə²¹³	siŋ⁵⁵	sɛŋ⁵⁵sɛŋ⁵⁵	sei⁴²ʦe²³	ɕiŋ⁴⁴ɕjə⁰	ɕiŋ²¹³ɕiŋ⁰	ɕjɑ̃⁵⁵ɕjɑ⁵⁵	sjɔ̃⁴⁴ʦɹ̩⁰	sen³³ne⁰	ɕjaŋ⁴²ʦɹ̩⁰	ɕin³¹ɕin⁰	siŋ⁵²siŋ⁰	sin⁴⁴	ɕiŋ²¹ɕiŋ²¹	seŋ⁴⁴	ɕiŋ²¹ɕiŋ²⁴	ʦʰjæ⁵⁵
STONE_1	ʂɻ̩³⁵tʰou⁰	sɹ̩²⁴təu⁰	sjɹ̩²¹tʰəu²¹	swoʔ⁵lau⁵³	sɛk²tʰɐu²¹	sei²²tai²²	ʂɻ̩²⁴tʰou⁰	ʂi⁵³tʰou⁰	ɕjeʔ³²tʰi⁴⁴	ɕjɔ³⁵djɤ¹³kwa⁰	sak⁵tʰeu¹¹	saʔ²tʰɛu⁰	ʂɻ̩ʔ⁵tʰəɯ¹³	ʂɹ̩³⁵tʰou⁰	zɑʔ²³dʏ¹³	səʔ⁵⁴tʰəu²¹	zei²¹dɤu³⁴¹ʦɹ̩²⁴²ŋ̍⁰	ʂɻ̩²⁴tʰou⁰	ʦjoʔ⁵tʰau²⁴
SUCK_1						swo⁵⁵	kwo²¹³								həu⁴⁴				
SUCK_2					syn²³			ʂwẽ⁵³											
SUCK_3	ɕi⁵⁵	ʨin³³								ʦin⁴⁴								ɕi²¹	
SUCK_4			ʨy²¹	soʔ²⁴	kʰɐp⁵				soʔ³²		kʰip¹	ʨit⁵	soʔ⁵	çy²¹⁴	soʔ⁴	ɕjəʔ²	ʨy⁴¹~ɕjai⁴¹		suʔ⁵
SUN_1	tʰai⁵¹jɑŋ³⁵	tʰai⁵⁵jan¹³	tʰai²¹³jaŋ²¹		tʰai³³jœŋ²¹		tʰai⁵³jaŋ⁰	tʰə³¹jɑŋ⁵³	tʰɔ³⁵jɔ⁴⁴	tʰa³⁵jɔŋ¹³		tʰai²¹³jɔŋ⁴⁵	tʰɛ⁴⁴jɑ̃⁰		tʰɑ⁴¹²ɦjã¹³	tʰai⁴⁵jɒ̃⁰	tʰa⁵¹ji³⁴¹	tʰɛ⁴⁴jɑŋ⁰	
SUN_2				niʔ⁵tʰau⁵³		lje⁵⁵tai²²	ʐɻ̩⁵³tʰou⁰			ni³⁵djɤ¹³kʰu⁴⁴	ŋit¹tʰeu¹¹			i²¹³tʰou⁰				ə²¹tʰou⁰~ə²¹tʰou⁰jɛ⁴⁴	
SUN_3																			lit⁵
SWIM_1	jou³⁵ʂwei²¹³	jəu¹³ɕɥei⁴¹~wan¹³ɕɥei⁴¹	jəu²¹yn²¹³	sjeu⁵³ʦwoi³²	jɐu²¹søy³⁵	jou²²swei²³	jou²⁴yŋ²¹³	jou⁵³yŋ⁴⁵	vo⁵⁵ɕy²¹³	jo¹³ɕy⁴²~jo¹³un¹¹		ju⁴⁵swi²¹³~ju⁴⁵juŋ²¹³	jəɯ¹³joŋ¹¹			jəu²¹yŋ⁵³	jjeu³⁴¹vu³⁴¹ŋ̍⁰	jou²⁴fei⁵³~fu²⁴fei⁵³~jou²⁴	sju²⁴ʦwi⁵³
SWIM_2			ɕi⁵³ʦau⁵³											si²¹⁴ʦau²¹⁴					
SWIM_3											se³¹sən³³ne⁰								
SWIM_4															hoʔ⁴lã²³ɦjoʔ²³				
TAIL_1	wei²¹³				mei²³														me⁵³
TAIL_2		wei⁴¹pa⁰	wei⁵³pa⁵⁵~wei⁵³ʦɹ̩⁵³	mwoi³²mwoi³²		wei²³pa⁴²	wei²¹³pa⁰	i⁴⁵pa⁰	vi²¹³po⁵⁵	wi⁴²pa⁰	mi³³pa³³	wi²¹³pa⁰	wei¹¹pɑ⁰	wei²¹⁴pa³³⁴	ɲi²³¹po⁴⁴	vei⁵³pa⁰	mei²⁴po⁴⁴ŋ̍⁰	i⁵³pɑ⁰	me⁵³pa⁵⁵
THAT_1													ləʔ⁵						hit³²
THAT_2	nɑ⁵¹	la⁵⁵	na²¹³		na³³	la²³	na⁵³	na³¹				la²¹³		njɛ³³⁴				nɑ⁵³	
THAT_3									na³¹	lo¹¹	ke⁵³								
THAT_4				hy³²								he²¹³				vai⁵³	he²⁴		
THAT_5				hwoi⁵³											kwe̞⁴⁴				
THEY_1				i⁵⁵nøyŋ⁵³~i⁵⁵koʔ²⁴nøyŋ⁵³							ki¹¹ten³³ŋin¹¹								
THEY_2	tʰa⁵⁵mən³⁵	tʰa³³mən	tʰa⁴⁵mən²¹		kʰøy²³tei²²	tʰa⁴²ti⁰kɤ²¹	tʰa⁴⁴mən⁰	tʰa⁴⁵mẽ⁰	ki⁴⁴jɑ̃⁰	tʰɔ⁴⁴nã¹³		ʨje²⁴mɨn⁰	tʰɑ³¹mən¹³	tʰa⁵²mən³³⁴	li⁴⁴toʔ⁰	tʰa²¹məŋ⁰	ɡei³⁴¹ljɛ³⁴¹	tʰɑ²¹ti⁰	
THEY_3																			in⁵⁵
THICK_1	xou⁵¹	xəi⁴¹	xəu²¹³	kau²⁴²	hɐu²³	xai²⁵ɕi²²	xou⁵³~xou⁵³ʂɻ̩⁰	xou³¹	xi²¹³	ɣɤ¹¹		hɛu²¹	xəɯ⁴⁴	xou³³⁴	ɦʏ²³¹	xəu⁴⁵	ɡau²⁴	xou⁴⁴	kau²²
THICK_2											pʰun³³								
THIN (OF LEAF AND CLOTH)_1	pɑu³⁵	po²⁴	po²¹	poʔ⁵	pɔk²	pɑu²²	pɤ²⁴	pɤ⁵³	pʰoʔ³²	pʰo¹¹	pʰok⁵	pʰɔʔ⁵	poʔ⁵	pɔ³⁵	boʔ²³	pəʔ⁵⁴	bo²³	po²⁴	poʔ⁵
THINK (REFLECT)_1	ɕjɑŋ²¹³	ɕjan⁴¹	ɕjaŋ⁵³	swoŋ³²	sœŋ³⁵	ɕjɑŋ²³	ɕjaŋ²¹³	ɕjɑŋ⁴⁵	ɕjõ²¹³	ɕjɔŋ⁴²	sjoŋ³¹	ɕjɔŋ²¹³	ɕjɑ̃¹¹	sjaŋ²¹³	sjã⁵²	ɕjɒ̃⁵³	ɕi²⁴	ɕjɑŋ⁵³	sjũ²²
THIS_1						i²⁵kwo⁵⁵											ki⁴¹kai⁴¹		
THIS_2					li⁵⁵				nn̩²¹³						ke̞⁴⁴				
THIS_3	ʈ͡ʂɤ⁵¹	ko²⁴	ʦe²¹³	ʦi³²~ʦja³²			ʈ͡ʂɤ⁵³	ʈ͡ʂɤ³¹		ʦɹ̩³⁵		ko²¹³	ʈ͡ʂe⁴⁴	ʧɛ³³⁴		ʦai⁵³		ʈ͡ʂɤ⁵³	ʦit³²
THIS_4											e³¹								
THOU_1	ni²¹⁴	li⁴¹	ɲi⁵³	ny³²	nei²³	lio²³	ni²¹³	ɲi⁴⁵	n̩²¹³	n̩⁴²		n̩²¹³	li¹¹	ni²¹⁴	ne̞²³¹	ni⁵³	ɲi²⁴	ni⁵³	li⁵³
THOU_2				ny³²nøyŋ⁵³															
THOU_3											n̩¹¹								
THREE_1	san⁵⁵	san³³	san⁴⁵	saŋ⁵⁵	sam⁵⁵	sã⁴²	san⁴⁴	sæ̃²¹⁴	sɔ⁵⁵	sã⁴⁴	sam³³	san⁴²	sɑ̃³¹	sɐn⁵²	se̞⁴⁴	sæ̃²¹	sa⁴⁴	sæ̃²¹	sã⁵⁵
THROW_1		ɕwai⁴¹	swai⁵³										swə³¹						
THROW_2				kʰœ³²					pʰɤ⁵⁵								ɡa²²		
THROW_3	ʐəŋ⁵⁵	ʐən¹³	zən⁴⁵	kœʔ⁵			ʐəŋ⁴⁴	ləŋ²¹⁴				lɨn²¹			toʔ⁴	zəŋ⁵³			liŋ⁵⁵
THROW_4				ljeu⁵⁵	tju⁵⁵	tjou⁴²				ljɤ¹¹	tju³³	tju⁴²		ljau³³⁴				ljɑu⁴⁴	
THROW_5										jɔ³⁵									
TONGUE_1				ʦʰwoi²¹²sjoʔ⁵					kʰi²¹³ʨʰɥaʔ³²								kʰau²⁴²ji²¹		
TONGUE_2	ʂɤ³⁵	sə²⁴təu⁰~sə²⁴ʦɹ̩⁰	se²¹tʰə²¹		sit²	ɕje²²tai²²	ʂɤ²⁴tʰou⁰	ʂɤ⁵³tʰou⁰		ɕje³⁵ʦɹ̩⁰	sat⁵ma¹¹	sət²¹tʰɛu⁰	seʔ⁵tʰəɯ¹³	ʃɛ³⁵tʰə⁰	zəʔ²³dʏ¹³	ʂəʔ⁵⁴~ʂəʔ⁵⁴tʰəu²¹		ʂɤ²⁴tʰou⁰	ʦiʔ⁵ja⁵³
TOOTH_1	ja³⁵ʈ͡ʂʰɻ̩²¹³	ŋa¹³ʦʰɹ̩⁴¹	ja²¹ʦʰɹ̩⁰		ŋa²¹ʦʰi³⁵	ŋa²²ʨʰi²³		ja⁵³ʈ͡ʂʰɻ̩⁴⁵	ŋo⁴⁴ʦɹ̩²¹³	ŋɔ¹³ʣɹ̩⁴²	ŋa¹¹ʦʰɹ̩³¹	ŋo⁴⁵ʦɹ̩⁰	jɑ¹³ʈ͡ʂʰɻ̩¹¹	ja⁵²ʈ͡ʂʰɻ̩²¹⁴	ŋɑ¹³ʦɹ̩⁵²	ja²¹ʦʰɹ̩⁵³	ŋo³⁴¹ʦʰɹ̩²⁴²	ɲjɑ²⁴ʦʰɹ̩⁰	ʦʰwi²²kʰi⁵³
TOOTH_2							ja²⁴												
TOOTH_3				kʰi³²															
TREE_1	ʂu⁵¹	ɕy¹¹	su²¹³	ʦʰjeu²¹²	sy²²	ɕy²¹	ʂu⁵³	ʂu³¹	ɕy³¹	ʑy¹¹	su⁵⁵ve⁰	su²¹	su⁴⁴	ʃy³³⁴	zɻ̩ʷ²³¹	su⁴⁵	zɹ̩²²	fu⁴⁴	ʦʰju²²
TWO_1	ljɑŋ²¹⁴	ljan⁴¹	ljaŋ⁵³	laŋ²⁴²	lœŋ³⁵			ljɑŋ⁴⁵	ɲjõ²¹³	njɔŋ⁴²	ljoŋ³¹	ljɔŋ²¹³	ɲjɑ̃¹¹		ljã²³¹	lja⁵³	ljə²¹	ljɑŋ⁵³	lŋ̍²²
TWO_2	ə⁵¹	ə¹¹	ə²¹³	nɛi²⁴²	i²²	i²¹	ə⁵³	ə³¹	ẽ³¹	ɤ¹¹	ŋi⁵³	ɵ²¹	ə⁴⁴	ə³³⁴	ɲi²³¹~əl²³¹	ə⁴⁵	ŋ̍²²	ə⁴⁴	
VOMIT_1									fɔ⁵⁵ŋoʔ³²	xwe⁴²~ta³⁵xwe⁴²									
VOMIT_2											pʰon³³								
VOMIT_3	tʰu⁵¹	tʰu⁵⁵	fa²¹tʰu⁵³lo²¹~tʰu⁵³lo²¹~ŋəu⁵³lo²¹	tʰou²¹²	ŋɐu³⁵tʰou³³	tʰu²⁵	tʰu⁵³	tʰu³¹				tʰu²¹³	tʰu⁴⁴~əɯ¹¹tʰu⁴⁴	ou²¹³tʰu²¹⁴		tʰu⁵³lə⁰	tʰøy⁵¹	ŋou²¹tʰu⁵³	tʰo²¹
VOMIT_4												ŋjɛu²¹³							
VOMIT_5															ʏ⁵²				
WALK_1	ʦou²¹³	ʦəu⁴¹	ʦəu⁵³		ʦɐu³⁵		ʦou²¹³	ʦou⁴⁵		ʨio⁴²		ʦɛu²¹³	ʦəɯ¹¹	ʦou²¹⁴		ʦəu⁵³	ʦau²⁴	ʦou⁵³	
WALK_2				kjaŋ⁵³		xei²²			xẽ⁴⁴		hin¹¹				bæ¹³				kjã²⁴
WATER_1	ʂwei²¹³	ɕɥei⁴¹	swei⁵³	ʦwoi³²	søy³⁵	swei²³	ʂwei²¹³	ʂwei⁴⁵	ɕy²¹³	ɕy⁴²	swi³¹	swi²¹³	swei¹¹	ʂwei²¹³	sɻ̩ʷ⁵²	swei⁵³	sɹ̩²⁴	fei⁵³	ʦwi⁵³
WE_1				naŋ⁵³ŋa⁵⁵						ŋ̍⁴²ŋa⁴⁴								ŋɛ²¹	
WE_2				naŋ⁵³ŋa⁵⁵koʔ²⁴nøyŋ⁵³~nu⁵³koʔ²⁴nøyŋ⁵³							ŋai¹¹ten³³ŋin¹¹								
WE_3	wo²¹³mən³⁵	ŋo⁴¹mən⁰	ŋo⁵³mm̩⁵⁵		ŋɔ²³tei²²	wo²³te²³lei⁴²kɤ²¹	wo²¹³mən⁰	vɔ⁴⁵mẽ⁰	ɔ²¹³jɑ̃⁰			ŋo²¹³mɨn⁰~ŋo²¹³ko⁰li⁰	o¹¹mən¹³	wɔ²¹⁴mən³⁵	ŋəu²³¹ɲi⁰	ɣɤ⁵³mɤ⁰	ŋ̍²⁴ljɛ³⁴¹		
WE_4																			lan⁵³
WET_1	ʂɻ̩⁵⁵	sɹ̩²⁴	sɹ̩²¹		sɐp⁵	ɕi⁵⁵	ʂɻ̩⁴⁴	ʂɻ̩²¹⁴		ɕi¹³	səp¹	sɨt⁵		ʃi²¹⁴	səʔ⁴	səʔ²	sai⁴¹		sip³²
WET_2													ʦʰɔ¹³					ʈ͡ʂɑu²⁴	
WET_3									tʰi³⁵ni⁴⁴										
WET_4				laŋ²⁴²															
WHAT_1							ʂa²⁴								sɑ⁴¹²			sɑ⁴⁴	
WHAT_2				sjeʔ²⁴noʔ²⁴	mɐt⁵jɛ²³				ɕjeʔ³²mɤ²¹³		mak¹ke⁵³	ɕit⁵li²¹							
WHAT_3																	a⁴¹ɲi³⁴¹		
WHAT_4	ʂən³⁵mə⁰	sən²⁴mo⁰				sɤn²²ma²²	ʂən²⁴mɤ⁰	ʂẽ⁵³mə⁰					ʂən¹³moʔ⁵	ʂən³⁵mə⁰		səŋ⁴⁵ləʔ²			sim⁵³mjæʔ⁵
WHAT_5		mo²⁴ʦɹ̩⁰	sa²¹³ʦɹ̩⁵³							mɤ⁴²ʦɹ̩⁰									
WHERE_1					pin⁵⁵tou²²												ɲjau²¹dwɔ²⁴		
WHERE_2		o¹³ʦɹ̩⁰													no¹³taʔ⁰				to⁵⁵loʔ⁵
WHERE_3			nə⁵³				na²¹³												
WHERE_4							na²¹³ka⁴⁴											ɑ⁵³tɑ²¹	
WHERE_5	na²¹⁴li²¹⁴	la⁴¹li⁰		tje³²nœ³²		la²³xɑŋ³³	na²⁴li²¹³	na²¹³ɲjẽ⁰	na²¹³xɑ̃³⁵	la⁴²li⁰		la²¹³li⁰	lɑ¹¹kʰwɛ⁴⁴	na³⁵li²¹⁴		na⁵³lɛ⁰			
WHERE_6			nə⁵³kən⁵⁵ʨʰjɛn²¹																
WHERE_7											ŋai⁵³je⁰								
WHITE_1	pɛ³⁵	pə²⁴	pe²¹	paʔ⁵	pak²	pja²²	pai²⁴	pei⁵³	pʰaʔ³²	pʰɔ³⁵	pʰak⁵	pʰaʔ⁵	pəʔ⁵	pɛ³³⁴	bɑʔ²³	pai²¹~pjə⁵⁴	ba²¹	pei²⁴	peʔ⁵
WHO_1		o¹³ʦɹ̩⁵⁵ko⁵⁵	na⁵³ko²¹³	tje³²ʒjeʔ²⁴		la²³kwo³³			na²¹³kɵ³⁵			lai²¹³ko²¹	lɑ¹¹ko⁴⁴						
WHO_2	ʂəi³⁵	sei¹³			søy²¹		ʂwei²⁴	ʂei⁵³		swi¹³				ʃwɛ³⁵		swei²¹		sei²⁴	
WHO_3				tje³²nøyŋ⁵³							man³¹ŋin¹¹				sɑ⁴¹²ɲin¹³		a⁴¹ɲi³⁴¹naŋ³⁴¹		sjã⁵³laŋ²⁴
WIDE_1	kʰwan⁵⁵	kʰõ³³	kʰwan⁴⁵	kʰwaʔ²⁴~kʰwaŋ⁵⁵	fun⁵⁵	kʰwã⁴²	kʰwan⁴⁴	kʰwæ̃²¹⁴	kʰwɔ⁵⁵	kʰwẽ⁴⁴	fat¹	kʰwon⁴²	kʰwɑ̃³¹	kʰwɐn⁵²	kʰwəʔ⁴	kʰwæ̃²¹	kʰo⁴¹	kʰwæ̃²¹	kʰwaʔ³²
WIND_1	fəŋ⁵⁵	xən³³	foŋ⁴⁵	huŋ⁵⁵	foŋ⁵³	fɤn⁴²	fəŋ⁴⁴	fɛn²¹⁴	fɑ̃⁵⁵	xɤn⁴⁴	fuŋ³³	fuŋ⁴²	fən³¹	fəŋ⁵²	foŋ⁴⁴	fəŋ²¹	hoŋ⁴⁴	fəŋ²¹	hɔŋ⁵⁵
WING_1		i⁵⁵ka¹³ʦɹ̩⁰				ʨi²⁵kwã²²ʦe²³													
WING_2	ʈ͡ʂʰɻ̩⁵¹pɑ²¹⁴	ʦʰɹ̩⁵⁵pan¹³	ʦɹ̩²¹³paŋ⁵³		ʦʰi³³		sɹ̩⁵³paŋ²¹³	ʈ͡ʂʰɻ̩²¹ʦɹ̩⁰	ʦʰɹ̩³⁵põ²¹³			ʦʰɹ̩²¹³paŋ⁰~ʦʰɹ̩²¹³kwaŋ⁰	ʈ͡ʂʰɻ̩⁴⁴pɑ⁰	ʈ͡ʂʰɹ̩³³⁴pə⁰		ʦʰɹ̩⁴⁵pɒ̃⁵³		tʰɹ̩⁴⁴~ʦʰɹ̩⁴⁴pɑŋ⁰	
WING_3				siʔ⁵															sit⁵la⁵³
WING_4									jɑʔ³²sɵ⁵⁵	je³⁵ka³⁵	it⁵kap¹	jɛt²¹kwaŋ⁰			ʨi⁴⁴kaʔ⁴		jai²¹pʰwɔ²⁴²		
WOMAN_1	ny²¹⁴ʐɛn³⁵	ɲy⁴¹ʐən⁰~ɲy⁴¹ti⁰	ɲy⁵³zən²¹~ɲy⁵³li⁵⁵	ny³²ɛ²¹²~ʦy⁵⁵nøyŋ⁵³nøyŋ⁵³	nøy²³jɐn²¹	ly²³liŋ²³	njaŋ²⁴mə⁰	ɲy⁴⁵ʐẽ⁵³	ɲy²¹³nɤ⁰	ny⁴²nin¹³ka⁰	moi⁵³je⁰ŋin¹¹	ɲy²¹³kʰaʔ⁵	li³¹ʐən¹³	ny²¹³in⁵²	ɲy²³¹ɲin¹³	ny⁵³zəŋ²¹	lə²⁴ɲjaŋ³⁴¹kʰa⁴¹	ny⁵³ʐẽ⁰	ʦa⁵⁵bɔ⁵³laŋ²⁴
WOMAN_2				i⁵⁵ʦja³²															
WORM_1	ʈ͡ʂʰuŋ³⁵	ʦən¹³	ʦʰoŋ²¹	tʰøyŋ⁵³	ʦʰoŋ²¹	ʦwɤŋ²²	ʈ͡ʂuŋ²¹	ʈ͡ʂʰuŋ⁵³	ʦʰɑ̃⁴⁴	ʥjɤŋ¹³	ʦʰuŋ¹¹	ʦʰuŋ²⁴	ʦʰoŋ¹³	ʈ͡ʂoŋ³⁵	zoŋ¹³	ʦʰuŋ²¹	ʥɥoŋ³⁴¹	p͡fʰəŋ²⁴	
WORM_2																			tʰaŋ²⁴hja²²
YEAR_1				hwoi²¹²															he²²tʰau²⁴
YEAR_2											se⁵³								
YEAR_3	njɛn³⁵	ɲjẽ¹³	ɲjɛn²¹~ɲjɛn²¹fən²¹³		nin²¹	ljã²²	njan²⁴~njan²⁴fən⁵³	njæ̃⁵³	ɲje⁴⁴	njæ¹³		ɲjɛn⁴⁵	ljen¹³	njɐn⁵²	ɲjɪ¹³	nje²¹	ɲi³⁴¹	njæ̃²⁴	
YEAR_4				ʦai³²															
YELLOW_1	xwɑŋ³⁵	wan¹³	xwaŋ²¹	woŋ⁵³	wɔŋ²¹	wɑŋ²²	xwaŋ²⁴	xwɑŋ⁵³	õ⁴⁴	ɣɔŋ¹³	voŋ¹¹	wɔŋ⁴⁵	xwɑ̃¹³	xwaŋ³⁵	ɦwɑ̃¹³	xwɒ̃²¹	ɦwɔ³⁴¹	xwɑŋ²⁴	ŋ̍²⁴
