	Azerbaijani	Bashkir	Chulym	Chuvash	Crimean Tatar	Cuman	Dolgan	Gagauz	Kara-Kalpak	Karachay-Balkar	Karaim	Kazakh	Khakas	Khalaj	Kumyk	Kyrgyz	Nogai	Northern Altai	Old Turkic	Salar	Shor	Siberian Tatar	Southern Altai	Tatar	Tofa	Turkish	Turkmen	Tuvan	Uyghur	Uzbek	West Yugur	Yakut
ARM OR HAND_1										bilek	bilek~bilɛk																					
ARM OR HAND_2	ɡol~æl	qul	qol	χul~ɑlɤ̆ʷ	qol~el	el	iliː	kol~el	qol	qol	kol	qol	χol	qol~ɛl	qol	qoɫ	qol	qol	qol~eliɡ	qol~el~il	qol	qol	qol	qul	qol	koɫ~elʲ	ɡol~el	χol	qol	qol	qol~elɯɣ~eliɡ	iliː
ASH_1	cyl	køl	kulʲ	kɘ̆ʷl	kyl		kyl	kyl	kyl	kyl	kyl	kyl	kyl	kil	kyl	cyl	kyl	kyl	kyl	kul~kyl	kyl		kyl	køl	hyl	cylʲ	kyl	χyl	kyl	kul	kul	kyl
BACK_1			pɛl									bel						bel					bel									
BACK_2							his																									
BACK_3																					køksy											køɣys
BACK_4										sɯrt								sɯrt						sɯrt		sɯrt						
BACK_5			ʧɑːrən	ɕurɤ̆ʷm																												
BACK_6	ɑrχɑ	ɑrqɑ			ɑrqɑ	ɑrkɑ		ɑrkɑ	ɑrqɑ		ɑrkɑ~ɑrqɑ	ɑrqɑ	ɑrɣɑ	ɑrqɑ	ɑrqɑ	ɑrqɑ	ɑrqɑ	ɑrqɑ~ɑrɣɑ	ɑrqɑ	ɑrɣɑ~ɑrχɑ		ɑrɣɑ		ɑrqɑ	oːrhɑ	ɑrkɑ	ɑrqɑ	oːrɣɑ	ɑrqɑ	ɔrqɑ	ɑrqɑ	
BARK_1																									ʧøˤprɛː			ʧøvyreː				
BARK_2	ɡɑbɯɡ	qɑbɯq	qɑqβɑʧ	χubɤ̆ʷ	qɑbuq	kɑbuk	kɑtɯrɯk	kɑbuk	qɑbɯq	qɑbuq	kɑbuk	qɑbɯq	χɑχpɑs	qɑːɑs	qɑbuq	qɑbɯq	qɑbɯq	qɑɣɑʃ	qɑdɯz		qɑqpɑʃ	qɑbɯq		qɑbɯq		kɑbuk~kɑbuːu	ɡɑbɯq		qovzɑq		qɑzdɯq	χɑtɯrɯk
BARK_3																				koχ												
BELLY_1		es					is		iʃ			ɘs	ɘstɘ			iʧ	iʃ	iʧ~iʃ				ëʧ	iʧ		iˤʃtɘ		iʧ	iʒin	iʧ		iʧiɡe~iʧike~iʧiki~iʧikɯ	is
BELLY_2		qorhɑq			qursɑq				qursɑq		kursɑχ				qursɑq	qursɑq	qursɑq			χusɑχ	qursɑq			qorsɑq					qosɑq			
BELLY_3	ɡɑrɯn		qɑːrən	χɯrɤ̆ʷm	qɑrɯn	kɑren~kɑrin		kɑrnɯ	qɑrɯn	qɑrɯn	kɑrɯn	qɑrɯn	χɑrɯn	qɑrɯn				qɑrɯn	qɑrɯn		qɑrnɯ			qɑrɯn		kɑrɯn	ɡɑrɯn	χɯrɯn	qerin	qɔrin	qɑrɯn	
BIG_1	bøjyc			pɯzɤ̆ʷk	byjyk			byyk			bijik~byjyk			bydyk~bidik					bedyk							byjyc					pezik	
BIG_2			uluɣ			ulu				ullu	ullu		uluɣ		ullu				uluɣ	ullɯ	uluɣ	ulɯ~olu			uluɣ		ulɯ	uluɣ				
BIG_3							ulɑkɑn		ylken			ylken					yjken															ulɑχɑn
BIRD_1										qɑnɑtlɯ						qɑnɑttuː																
BIRD_2	ɡuʃ	qoʃ	qus~quʧɑq		quʃ	kus		kuʃ	qus		kuʃ~kus	qʊs	χus		quʃ	quʃ	qus	quʃ	quʃ	quʃ	quʃ	quʃ	quʃ	qoʃ	quˤʃqɑʃ	kuʃ	ɡuʃ	quʃ	quʃ	quʃ	qus~qos	
BIRD_3							køtør																									køtør
BIRD_4				kɑjɤ̆ʷk																												
BITE_1	ɡɑp		qɑp							qɑp		qɑp			χɑp		qɑp															
BITE_2	diʃlæ	teʃlɛ			tiʃle	tislɑ			tisle		tiʃle~ʧiʃle	tɘste				tiʃtø	tisle	tiʃte	tiʃle	ʧɯːʃle			tiʃte	teʃlɛ			diʃle		ʧiʃlɛ	tiʃlɑ	teste~tiste~tɯste	
BITE_3								dɑlɑ																								
BITE_4							ɯtɯr						ɯzɯr								ɯzɯr				ɯˤsɯr	ɯsɯr		ɯzɯr				ɯtɯr
BITE_5				ɕɯrt																												
BLACK_1	ɡɑrɑ	qɑrɑ	qɑrɑ	χurɑ	qɑrɑ	kɑrɑ	kɑrɑ	kɑrɑ	qɑrɑ	qɑrɑ	kɑrɑ~qɑrɑ	qɑrɑ	χɑrɑ	qɑrɑ	qɑrɑ	qɑrɑ	qɑrɑ	qɑrɑ	qɑrɑ	qɑrɑ	qɑrɑ	qɑrɑ	qɑrɑ	qɑrɑ	qɑrɑ	kɑrɑ	ɡɑrɑ	qɑrɑ	qɑrɑ	qɔrɑ	qɑrɑ	χɑrɑ
BLOOD_1	ɡɑn	qɑn	qɑn	jun	qɑn	kɑn	kɑɑn	kɑn	qɑn	qɑn	kɑn~qɑn	qɑn	χɑn	qɑːn	qɑn	qɑn	qɑn	qɑn	qɑn	qɑn	qɑn	qɑn	qɑn	qɑn	qɑn	kɑn	ɡɑːn	χɑn	qɑn	qɔn	qɑn	χɑːn
BONE_1							oŋuok																									uŋuoχ
BONE_2	symyc	højɛk	søøk			souɑt			syjek	syjek	sivek~syjek	syjek	søøk		syjek	søøc	syjek	søøk~søk	syŋyk		søːk	syøk	søøk	søjɛk	søøk		θyŋk	søøk	søŋɛk~syŋɛk~syjɛk	sujɑk		
BONE_3				ʃømø	kemik			kemik												seniχ						cemic					sɯmɯq	
BREAST_1	døʃ	tyʃ	tøs			tos	tyøs		tøs	tøʃ	tøʃ~tes	tøs			tøʃ			tøʃ	tøʃ		tøʃ	tyʃ	tøʃ	tyʃ	tøʃ		døʃ				ɡøs~tos~tus~tys	tyøs
BREAST_2									ɡewde			kewde																				
BREAST_3	cøcs	kykrɛk		køɡør	kokys	køksuɡ~køɡis		ɡyːs	køkyrek	køkyrek	køkrɛk~kekrek~køkrek~køkis~køχis	køkrek	køɡɘs~køksɘ	kiːes~køjs	køkyrek	cøcyrøc	køkirek	køɡys	køɡyz	kyprɛχ		køkrɛk~kykrɛk	køɡys	kykrɛk		ɟøːys	kykrek		køkrɛk~køksɛ	kokrɑk		
BURN_1	jɑn	jɑn		ɕun	jɑn			jɑn	ʒɑn		jɑn	ʒɑn			jɑn	ʤɑn	jɑn					jɑn		jɑn		jɑn	jɑn		jɑn	jɔn		
BURN_2			koj			kyj				kyj	kyv~kiv~tiv		køj	kien		cyj		kyj	kyn~kyj	køj	køj		kyj		qɯˤp			qɯp	køj		kyj	
BURN_3							ɡydeːrij																									
BURN_4																																umɑj
CLAW_1	ʤɑjnɑɡ	tɯrnɑq	tərɣɑq	ʧɘrne	tɯrnɑq	termɑk	tɑrbɑk	tɯrnɑk	tɯrnɑq	tɯrnɑq	tɯrnɑχ	tɯrnɑq	tɯrɣɑχ		tɯrnɑq	tɯrmɑq	tɯrnɑq	tɯrvɑq~tɯrbɑq			tɯrɣɑq		tɯrmɑχ	tɯrnɑq	dɯrbɑq	tɯrnɑk	dɯrnɑq	dɯrbɑq	tirmɑq	tirnɔq		tɯŋɯrɑχ
CLOUD_1	bulut	bolot	pulut	pɘ̆ʷlɘ̆ʷt	bulut	bulut	bɯlɯt	bulut	bult	bulut	bulut	bʊlt	pulut	bulɯt	bulut	buɫut	bulɯt	pulut	bulɯt	pulut~polut	pulut	polot~pulut	bulut	bolɯt	bulut	buɫut	bulut	bulut	bulut	bulut	pulut~pɯlɯt	bɯlɯt
COLD_1							tɯmnɯː																									tɯmnɯː
COLD_2																															tot	
COLD_3	sojuɡ	hɯwɯq	sooq	sivɘ	suvuq	sɑoɡh		suːk	suwɯq	suwuq	suvuk~suvuχ	suɯq	sooχ	sovuq	suwuq	suuq	suwɯq	sooq	soɣɯq	soχ	soːq		sooq	suɯq	sooq	soːuk	θowuq	sooq	soɣuq	sɔvuq		
COLD_4														buːz																		
COME_1	ɟæl	kil	kæl	kil	kel	kel	kel	ɡel	kel	kel	kel	kel	kil	kɛl	ɡel	cel	kel	kel	kel	ɡel	kel	kël	kel	kil	kel	ɟelʲ	ɡel	kel	kɛl	kel	kel	kel
COUNT_1							ɑk																									ɑːχ
COUNT_2	sɑj	hɑnɑ	sɑnɑ		sɑj			sɑj	sɑnɑ	sɑnɑ	sɑj~sɑn	sɑnɑ	sɑnɑ	sɑːɑnɑ	sɑnɑ	sɑnɑ	sɑnɑ	sɑnɑ	sɑnɑ	sɑnɑʲ				sɑnɑ	sɑnɑ	sɑj	θɑnɑ	sɑnɑ	sɑnɑ	sɑnɑ	sɑnɑ	
DIE_1	øl	yl	øl	vil	øl	ol	øl	øl	øl	øl	øl	øl	øl		øl	øl	øl	øl	øl	ul	øl	øl	øl	yl	øl	ølʲ	øl	øl	øl	ol	jul	øl
DIRTY_1			kɘrlɘɣ		kirli		kirdeːk		kirli	kir			kɘrlɘɡ			cir	kirli	kir~kirliɡ	kirliɡ		kirliɡ		kirly~kyrly		hɘrlɘɣ	cirlʲi	kirli	χirliɡ	kir	kir	ker~kerlʲe	kirdeːχ
DIRTY_2		bɯsrɑq																						pɯʧrɑq								
DIRTY_3	bulɑʃɯɡ				bulɑʃɯq			bulɑʃɯk			bɯlɑʃɯq																					
DIRTY_4						sɑsi																										
DOG_1					køpek			køpek																		cøpec						
DOG_2	it	et				it	ɯt		ijt	it	it	it		it	it	it	ijt	ijt~it	ɯt	iʃt		it	it	et			it	ɯt	iʃt	it	ɯʃt~eʃt	ɯt
DOG_3			ɑdɑj	jɯdɤ̆ʷ									ɑdɑj								ɑdɑj											
DOG_4																									ʧɯdɯɣ							
DRINK_1	iʧ	es	iʧ	ɘɕ	iʧ	yʃ~iʃ~yʧ~iʧ	is	iʧ	iʃ	iʧ	iʧ~iʦ	ɘʃ	ɘs	iʧ	iʧ	iʧ	iʃ	iʧ	iʧ	iʧ	iʃ	ëʧ	iʧ	eʧ	iʃ	iʧ	iʧ	iʃ	iʧ	iʧ	iʧ~iʃ~eʧ	is
DRY_1			keːbɘɣ	tibɘ																												
DRY_2						kɑk																qɑq										
DRY_3	ɡuru	qoro			quru	kuru	kurɑːnɑk	kuru~kurɑk	qurɣɑq	qurɣɑq~quru	kurɣɑk	qʊrɣɑq	χuruɣ	qurruɣ	quru	qurɣɑq	qurɯ	kuru	quruɣ	kuru	quruɣ		qurɣɑχ	qorɯ	qurɣɑɣ	kuru	ɡurɯ	qurɣɑɣ	quruq	quruq	qurlyɣ	kurɑːn
EAR_1	ɡulɑɡ	qolɑq	qulɑq	χølɣɑ	qulɑq	kulɑɡ	kulɡɑːk	kulɑk	qulɑq	qulɑq	kulɑk~kulɑχ~qulɑq	qulɑq	χulɑχ	qulɑːq	qulɑq	quɫɑq	qulɑq	qɯlɑq~qulɑq	qulqɑq	qulɑχ	qulɑq	qolɑq~qulɑq	qulɑq	qolɑq	qulɑq	kuɫɑk	ɡulɑq	qulɑq	qulɑq	qulɔq	qulɑq	kulɡɑːχ
EARTH (SOIL)_1	torpɑɡ	tuprɑq	toβrɑq	tøprɑ	toprɑq			toprɑk	topɯrɑq	toprɑq	toprɑq	topɯrɑq	tobɯrɑχ	turpɑq	topurɑq	topurɑq	topɯrɑq	toprɑq	toprɑq		tobrɑq		tobrɑq	tufrɑq	toˤprɑq	toprɑk	toprɑq	dovurɑq	toprɑq	tuprɔq	torvɑq~tɯrvɑq	
EARTH (SOIL)_2							buor																									buor
EARTH (SOIL)_3	jer	jer	ʧɛr	ɕɘr	jer	ier~jer	hir	jer	ʒer	ʤer	jer	ʒer	ʧir	jer	jer	ʤer	jer	cer~ɟer~jer	jer		ʧer	jer	ɟer	ʤir	ʧer	jer	jer		jɛr	jer	jer	sir
EAT_1		ɑʃɑ			ɑʃɑ	ɑʃɑ	ɑhɑː			ɑʃɑ	ɑsɑ~ɑʃɑ				ɑʃɑ		ɑʃɑ		ɑʃɑ			ɑʃɑ	ɑʒɑn	ɑʃɑ								ɑhɑː
EAT_2																									nemne			ʧemne				
EAT_3	je		ʧi	ɕi			hie	i	ʒe			ʒe	ʧɘ	jeːe		ʤe	je	ci	je	je~ji	ʧiː	jë	ɟi		ʧi	je	ij	ʧi	ji	je	je~ji~ʤi	sie
EGG_1																															ojɑ~ujɑ	
EGG_2	jumurtɑ	jomortqɑ	ʧumurtqɑ	ɕømɑrdɑ	jɯmɯrtɑ	jumurtkɑ	hɯmɯːt	jɯmɯrtɑ			jumurtχɑ	ʒʊmɯrtqɑ	nɯmɯrχɑ	jumurqɑ	jɯmɯrtqɑ	ʤumurtqɑ	jumɯrtqɑ	ɲurtqɑ~ɲɯmɯrtqɑ	jumurɣɑ	jomurtɑ~jumotor	nɯbɯrtqɑ	jomɯrtqɑ	ɟɯmɯrtχɑ	jomɯrqɑ	ɲumurhɑ	jumurtɑ	jumurtɡɑ	ʧuurɣɑ				sɯmɯːt
EYE_1			qɑrɑq				kɑrɑk						χɑrɑχ								qɑrɑq				qɑrɑq			qɑrɑq				χɑrɑχ
EYE_2	cøz	kyð		kuɕ	køz	køʃ		ɡøz	køz	køz	køz~kez	køz		køz	ɡøz	cøz	køz	køs	køz	koz		køz	køs	kyz		ɟøz	ɡøð		køz	koz	kyz~køz	
FALL_1			ɑŋnɑl										ɑŋdɑrɯl							ʃɑŋkulɑ~ʃøŋ kol												
FALL_2		jɯɣɯl			jɯqɯl				ʒɯɣɯl	ʤɯɣɯl	jɯɣɯl	ʒɯɣɯl			jɯɣɯl	ʤɯɣɯɫ	jɯɣɯl			jɯχɯl	ʧɯɣɯl	jɯɣɑl		jɯɣɯl			jɯqɯl		ʒiqil	jiqil		
FALL_3												qulɑ																				
FALL_4	dyʃ					tuʃ	tys	dyʃ		tyʃ	ʧyʃ~kis tyʃ	tys	tys	tiʃ		tyʃ		tyʃ	tyʃ	ʤyʤ		tyʃ	tyʃ		tyˤʃ	dyʃ		dyʃ	ʧyʃ			tys
FALL_5				yk																										tokil		
FALL_6																															toqrɑ	
FAR_1									qɑʃɯq			qɑʃɯq																				
FAR_2	uzɑɡ	jɯrɑq	ərɑq		uzɑq	yrɑk~yrɑh	ɯrɑːk	uzɑk~jɯrɑk	uzɑq	uzɑq	irɑχ~jɯrɑq		ɯrɑχ	hɯrɑɑq	jɯrɑq	ɯrɑɑq	uzɑq	uzɑq~rɑq~ɯrɑɑq	jɯrɑq	jɯrɑχɑr	ɯrɑq	jɯrɑq	uzɑq~ɯrɑɑq	jɯrɑq	ɯrɑq	uzɑk	uðɑq	ɯrɑq	uzɑq~ʒirɑq	uzoq	uzɑq	ɯrɑːχ
FAR_3				inʑe																												
FAT (ORGANIC SUBSTANCE)_1													ys															ys				
FAT (ORGANIC SUBSTANCE)_2		mɑj							mɑj			mɑj			mɑj	mɑj	mɑj					mɑj		mɑj					mɑj			
FAT (ORGANIC SUBSTANCE)_3	jɑɣ		ʧɑɣ	ɕu	jɑɣ	jɑv	hɯɑ	jɑː		ʤɑw	jɑv		ʧɑɣ	jɑːɑɣ				jɯɣ	jɑɣ	jɑɣ	ʧɑɣ		ɟu		ʧɑɣ	jɑː	jɑɣ		jɑɣ	jɔɣ		sɯɑ
FAT (ORGANIC SUBSTANCE)_4																															tønɑχ	
FEATHER_1					qɑnɑt																		qɑnɑt									
FEATHER_2										qɑnɑtlɯ tyk																						
FEATHER_3	tyc		tyk	tɘ̆ʷk		junɡ	tyː	tyj			tik		ʧyɡ		tyk			tyk	tysi		ʧyɡ				tyk	tyj		ʧyɡ				tyː
FEATHER_4	lælæc																										jelek					
FEATHER_5																				mimiluχ												
FINGERNAIL_1	dɯrnɑɡ	tɯrnɑq	tərɣɑq	ʧɘrne	tɯrnɑq	termɑk	tɯŋɯrɑk	tɯrnɑk	tɯrnɑq	tɯrnɑq	tɯrnɑk	tɯrnɑq	tɯrɣɑχ	tɯrnɑq	tɯrnɑq	tɯrmɑq	tɯrnɑq	tɯrɣɑq~tɯrbɑq	tɯrŋɑq~tɯŋrɑq	tɯrnɑχ	tɯrbɑq		tɯrmɑχ	tɯrnɑq	dɯrbɑq	tɯrnɑk	dɯrnɑq	dɯrɣɑq	tirmɑq	tirnɔq	tɑrmɑq~tɯrmɑq~tɯrvɑq	tɯŋɯrɑχ
FIRE_1	od	ut	ot	vut		ot	uot		ot	ot	ot	ot	ot	huːot	ot	ot	ot	ot	ot	ot	ot	ot	ot	ut	ot		oːt	ot	ot		ot	uot
FIREWOOD_1	odun	utɯn	oːduŋ	vudɤ̆ʷ	odun	odim		odun	otɯn	otun	otun	otɯn	odɯŋ	huːotun		otun	otɯn		otuŋ	otɯn~oʦɯn~uʦɯn	oduŋ	otɯn	odɯn	utɯn		odun	odun		otun	otin	otun~otɯn	
FIREWOOD_2						ɑɡɑʧ									ɑɣɑʧ		ɑɣɑʃ								neʃ			ɯjɑʃ				mɑs
FIREWOOD_3							mɑstɑr																									
FISH_1	bɑlɯɡ	bɑlɯq	pɑːləq	pulɤ̆ʷ	bɑlɯq	bɑlik~bɑluk	bɑlɯk	bɑlɯk	bɑlɯq	ʧɑbɑq	bɑlɯk~bɑlɯq	bɑlɯq	pɑlɯχ		bɑlɯq	bɑɫɯq	bɑlɯq	bɑlɯq	bɑlɯq	bɑluχ	pɑlɯq	bɑlɯq	bɑlɯq	bɑlɯq	bɑlɯq	bɑɫɯk	bɑlɯq	bɑlɯq	beliq	bɑliq		bɑlɯk
FIVE_1	beʃ	beʃ	pɛs	pilɘk	beʃ	bes	bies	bulɑʃɯq	bes	beʃ	beʃ	bes	pis	biːeʃ~beːeʃ	beʃ	beʃ	bes	peʃ	beʃ	peʃ	peʃ	pëʃ	beʃ	biʃ	beʃ	beʃ	bɛʃ	beʃ	bɛʃ	beʃ	pis~pes	bies
FLOWER_1													ʧɑχɑjɑχ												ɑqɑʃ							
FLOWER_2	ʧiʧæc	sɛskɛ			ʧiʧek	ʧiʧek		ʧiʧek			ʧeʧɛɡi				ʧeʧek		ʃeʃekej	ʧeʤek	ʧeʧek	ʧiʧeχ		ʧiʧɛk	ʧeʧek	ʧɛʧɛk~ʧɛʧkɛ		ʧiʧec		ʧeʧek	ʧeʧɛk		ʧyʧyɡ	
FLOWER_3																					ʧɑqkijek											
FLOWER_4							ot																									
FLY (MOVE THROUGH AIR)_1							køt																									køt
FLY (MOVE THROUGH AIR)_2	uʧ	os	uʧ	vɘ̆ʷɕ	uʧ	uʧ		uʧ	uʃ	uʧ	uʧ~uʦ	ʊʃ	uʧuχ	uʧ	uʧ	uʧ	uʃ	uʧ~uʃ	uʧ	uʧ~uʃ~yʧ	uʧuq	oʧ~uʦ	uʧ	oʧ	uˤʃ	uʧ	uʧ	uʃ	uʧ	uʧ	uʃ~uʧ~yʧ	
FOOT OR LEG_1										but					but	but		but	but				but		but			but				
FOOT OR LEG_2	ɑjɑɡ	ɑjɑq	ɑzɑq	orɑ	ɑjɑq	ɑjɑk~ɑjɑk~ɑjɑk	ɑtɑk	ɑjɑk	ɑjɑq	ɑjɑq	ɑjɑk	ɑjɑq	ɑzɑχ	hɑdɑq	ɑjɑq	ɑjɑq	ɑjɑq		ɑdɑq	ɑjɑχ	ɑzɑq	ɑjɑq		ɑjɑq		ɑjɑk	ɑjɑq		ɑjɑq	ɔjɔq	ɑzɑq	ɑtɑχ
FOUR_1	dørd	dyrt	tørt	tøvɑttɤ̆ʷ~tøvɑdɤ̆ʷ~tøvɑt	dørt	tort	tyørt	dørt	tørt	tørt	dørt	tørt	tørt	tøːørt~tyːørt	dørt	tørt	dørt	tørt	tørt		tørt	tørt	tørt	dyrt	dørt	dørt	dørt	dørt	tørt	tort	dyrt~tyrt~tørt	tyørt
FULL_1	dolu	tulɯ	toldərɑ	tulli	tolu	tolu	toloru	dolu	tolɣɑn~tolɯq	tolu	tolu	tolɯ	toldɯrɑ	tuolɑ	tolu	toɫturɑ	tolɯ	toltɯrɑ	tolu	tolu	toldurɑ	tol	tolo	tulɯ	dolu	doɫu	dolɯ	dolu	toluq~tolɑ	tolɑ	tolo~tolu	toloru
GIVE_1	ver	bir	pɛr	pɑr	ber	ber	bier	ver	ber	ber	ber~ver	ber	pir	vier	ber	ber	ber	per~ber	ber	per~ver~ber	per	ber~bɛr	ber	bir	ber	ver	ber	ber	bɛr	ber	per	bier
GOOD_1	jɑχʃɯ	jɑqʃɯ	ʧɑqsə		jɑχʃɯ	jɑksi			ʒɑqsɯ	ɑʃχɯ	jɑχʃɯ~jɑχsɯ	ʒɑqsɯ	ʧɑχsɯ		jɑχʃɯ	ʤɑqʃɯ	jɑχʃɯ	cɑqʃɯ~ɟɑqʃɯ		jɑχʃi~jɑχʃɑrɑ	ʧɑqʃɯ	jɑqʃɯ	ɟɑχʃɯ	jɑχʃɯ			jɑɡʃɯ		jɑχʃɯ	jɑχʃi	jɑχʃɯ	
GOOD_2							yʧyɡej																									yʧyɡej
GOOD_3					eji	ejɡi		iji		iɡi							ijɡi		edɡy						eˤkkɘ	iji		eki				
GRASS_1	ot		ot		ot		ot	ot			ot~jɑʃot		ot	oot	ot						ot					ot	ot	oˤt	ot	ot	oht	ot
GRASS_2				kurɤ̆ʷk																					køk							
GRASS_3						kukel																										
GRASS_4									ʃøp			ʃøp				ʧøp				ʧøp~ʧyp									ʧøp			
GRASS_5		ylɛn			ølen												ølen	øløŋ			øleŋ	ylɛŋ	øløŋ	ylɛn								
GRASS_6																												siɡen				
GREEN_1	jɑʃɯl	jɛʃel			jeʃil	jɑs		jeʃil		ʤɑʃɯl	jesil	ʒɑsɯl			jɑʃɯl	ʤɑʃɯɫ	jɑsɯl	cɑʒɯl	jɑʃɯl	jɑːʃɯl	ʧɑʒɯl	jiʃil	ɟɑʒɯl	jɛʃel		jeʃilʲ	jɑʃɯl		jeʃil	jɑʃil	jɑsɯl	
GREEN_2			kok				kyøk		køk				køk	kyøk~kiek											køk				køk			kyøχ
GREEN_3				simɘs																												
HAIR (HEAD)_1															tyk													dyk				
HAIR (HEAD)_2	sɑʧ	sɛs	ʧɑʧ	ɕyɕ	sɑʧ	zɑk	ɑs	sɑʧ	ʃɑʃ	ʧɑʧ	sɑʧ~seʧ~ʦɑʦ~ʧɑʧ	ʃɑʃ	sɑs	sɑʧ	ʧɑʧ	ʧɑʧ	ʃɑʃ	ʧɑʧ~ʃɑʃ	sɑʧ	sɑʧ	ʃɑʃ	ʦɑʦ	ʧɑʧ	ʧɛʧ	ʧeˤʃ	sɑʧ	θɑʧ		ʧɑʧ	sɔʧ	sɛʤ~ʃɑʤ~sɑʧ	ɑs
HEAD_1	bɑʃ	bɑʃ	pɑs	puɕ	bɑʃ	bɑs	bɑs	bɑʃ		bɑʃ	bɑʃ~bɑs	bɑs	pɑs	bɑːʃ	bɑʃ	bɑʃ	bɑs	bɑʃ~pɑʃ	bɑʃ	pɑʃ~bɑʃ	pɑʃ	pɑʃ~bɑʃ	bɑʃ	bɑʃ	bɑˤʃ	bɑʃ		bɑʃ	bɑʃ	bɔʃ	pɑʃ	bɑs
HEAR_1																uq		uq			uq	uq~oq	uq									
HEAR_2																									dɯŋnɑ			dɯŋnɑ			tinnɑ	
HEAR_3	eʃit	iʃet	ɛs	ilt	eʃit	esit~eʃit	ihit	iʃit	esit	eʃit	esit~eʃit	esɘt	is	iʃyt	eʃit		esit		eʃit	iʃti		iʃit~eʃit		iʃet		iʃit	eʃit		iʃit	eʃit		ihit
HEART_1	yræc	jørɛk	ʧyrek		jyrek		hyrek	yrek	ʒyrek	ʤyrek	jirek	ʒyrek	ʧyrek	jirɛk	jyrek	ʤyrec	jyrek	dyrek	jyrek	jiriɡ	ʧyrek	jorɛk	ɟyrek	jørɛk	ʧyrek		jyrek	ʧyrek	ʒyrɛk~jyrɛk	jurɑk	jyrek~jørek	syreχ
HEART_2				ʧɘre																												
HEAVY_1	ɑɣɯr	ɑwɯr	ɑɑr	jɯvɤ̆ʷr	ɑɣɯr	ɑɡer	ɯɑr	ɑɑr	ɑwɯr	ɑwur	ɑvur	ɑwɯr	ɑɑr	ɑɣir	ɑwur	oor	ɑwɯr	ɑɑr	ɑɣɯr	ɑɣɯr	ɑːr	ɑwɯr	uur	ɑwɯr	ɑɑr	ɑːɯr	ɑɣɯr	ɑɑr	eɣir	ɔɣir	ɑɣɯr	
HEAVY_2																																ɯɑrɑχɑn
HORN (ANATOMY)_1	bujnuz	møɡøð	myys		bojnuz	munɡus	muos	bujnuz	myjiz	myjyz	myŋyz~miviz	myjɘz	myys		myjyz	myjyz	myjiz	myys	myjyz	moŋus	myːs		myys	møɡez	miis	bojnuz		mɯjɯs	myŋɡyz		moŋus	muos
HORN (ANATOMY)_2				møjrɑɡɑ																												
HOT_1					sɯʤɑq			sɯʤɑk																		sɯʤɑk						
HOT_2	isti	eθe	izɘɣ			issi	itiː		ɯssɯ	issi	issi	ɯstɯq	ɘzɘɡ		issi	ɯsɯq	issi	iziɡ~yzyɡ	isiɡ	ɯssɯ	iziɡ	isy	izy	esse	iˤsɘɣ			iziɡ	issiq	issiq	issɯɡ	itiː
HOT_3				vɘri																qɯzɯɡu							ɡɯðɡɯn		qiziq			
I_1	mæn	min	mɛn		men	men	min	bɛn	men	men	men	men	min	mɛn	men	men	men	men	ben	men	men	min	men	min	men	ben	men	men	mɛn	men	men	min
I_2				ebɘ																												
KILL_1	øldyr	ylter	øːlyr	vɘ̆ʷler	øldyr		ølør	øldyr	øltir	øltyr	øldir	øltɘr	ødɘr	hilɛːr	øltyr	øltyr	øltir	øltør~øltyr	ølyr	ølter	ødyr	øjtir	øltyr	yter	ølyr	ølʲdyr	øldyr	ølyr	øltyr	oldir	julur	ølør
KILL_2						jɑrɑ et																										
KNEE_1		tubɯq					tobuk			tobuq					tobuq																	tobuk
KNEE_2	diz				tiz	tizɡi		diz	dize		tyz~tiz~kiz	tɘze	tɘzek	tiːiz		tize	tiz	tize	tiz	tizeχ	tize	tizi~tiz	tize	tez	tɘskek	diz	dɯð	dis	tiz	tiz	tez~tiz	
KNEE_3						kesi																										
KNEE_4			təsβɑːzə																													
KNEE_5				ʧɘrɡuɕɕi																												
KNOW (SOMETHING)_1	bil	bel	pɘl	pɘl	bil	bil	bil	bil	bil	bil	bil	bɘl	pɘl	bil	bil	bil	bil		bil	bel	pil	pil	bil	bel	bil	bilʲ	bil	bil	bil	bil	pel~pɯl~bel	bil
KNOW (SOMETHING)_2																		oŋnɑ														
LAUGH_1													χɑtχɯr								qɑtqɯr		qɑtχɯr		qɑˤqqɯr			qɑttɯr				
LAUGH_2	ɟyl	køl	kulʲ	kul	kulʲ	kul	kyl	ɡyl	kyl	kyl	kyl~kul~kil	kyl	kyl	kil	kyle	cyl	kyl	kyl		kulli		køl		køl		ɟylʲ	ɡyl		kyl	kul	kyl~kul~kulʲ	kyl
LEAF_1			pyyr										pyr								pyr				byr			byry				
LEAF_2							hebirdek																									sebirdeχ
LEAF_3	jɑrpɑɡ	jɑprɑq			jɑprɑq	jɑprɑk~jɑbuldrɑk		jɑprɑk	ʒɑpɯrɑq	ʧɑprɑq	jɑprɑq	ʒɑpɯrɑq			jɑpɯrɑq	ʤɑɫbɯrɑq	jɑpɯrɑq	cɑlbɯrɑq~qɑvɑq	jɑpɯrɣɑq	jɑrfɑq		jɑprɑq~qɑvɑq	ɟɑlbrɑχ	jɑfrɑq		jɑprɑk	jɑprɑq		jopurmɑq			
LEAF_4				ɕulʑɤ̆ʷ																												
LIE DOWN_1		jɑt	ʧɑt	vɯrt	jɑt	jɑt	hɯt	jɑt	ʒɑt	ʤɑt	jɑt	ʒɑt	ʧɑt	jɑːt	jɑt	ʤɑt	jɑt	cɑt	jɑt	jɑt	ʧɑt	jɑt	ɟɑt	jɑt	ʧɯˤtɑr	jɑt	jɑt	ʧɯt	jɑt	jɔt	jɑt	sɯt
LIE DOWN_2	uzɑn																															
LIVER_1	bɑɣɯr	bɑwɯr	pɑɑr	pɘ̆ʷvɘ̆ʷr			bɯɑr		bɑwɯr	bɑwur	bɑvur~bɑwɯr~bɑɣɯr	bɑwɯr	pɑɑr		bɑwur	boor	bɑwɯr	bɑɣɯr~pɑɑr	bɑɣɯr	pɑɣɯr	pɑːr	bɑwɯr~pɑwɯr~pɑɣɯr	buur	bɑwɯr	bɑɑr		bɑɣɯr	bɑɑr	beɣir		pɑɣɯr	bɯɑr
LONG_1	uzun	oðon	uzun	vørøm	uzun	uzun	uhun	uzun	uzɯn	uzun	uzun	ʊzɯn	uzun	uzuːn	uzun	uzun	uzɯn	uzun	uzun	uzun	uzun	uzɯn~ozɯn	uzun	ozɯn	uzun	uzun	uðɯn	uzun	uzun	uzun	uzun~uzin~uzen	uhun
LOUSE_1	bit	bet	pɘt~pit	pɯjdɤ̆ʷ	bit	bit			bijt	bit	bit	bit	pɘt	bit	bit	bit	bijt	pijt~pit	bit	piʧt	pit		bit	bet	bɯˤt	bit	bit	bɯt	pit	bit	pɯʃt~pɯʃ~pɯt	bɯt
MAN_1	ciʃi						er kihi			erkiʃi	kiʃi~kisi		ir kɘzɘ			ciʃi			kiʃi	ɛr kiʃi	er kiʒi		erkiʒi					er kiʒi			erkek kise	er kihi
MAN_2		ir~ir	ɛr		erkek	er			erkek~er		erkek~eren~er~er	erkek~er		hɛr	erkek~er~eren	ercec	erkek~er	er	er			er~ɛr		ir~ir	er	ercec	erkek		ɛrkɛk~ɛr~ɛr	erkɑk	eren~er~eren	
MAN_3				ɑrʑɯn																												
MAN_4																			jɑlŋuq													
MANY_1	ʧoχ				ʧoq			ʧok																		ʧok						
MANY_2		kyp	kopʲ			køp	yɡys		køp	køb	køp	køp	køp		køp	cøp	køp	køp	ykyʃ	kop	køp	køp	køp	kyp	køˤp~køˤf		køp	χøj	køp	kop	kep	
MEAT_1	æt	it	ɛt		et	et	et		et	et	et	et	it	ɛt	et	et	et	et	et	et	et	ët	et	it	eˤt	et	et	eˤt			et~jit	et
MOON_1	ɑj	ɑj		ujɤ̆ʷχ	ɑj	ɑj	ɯj	ɑj	ɑj	ɑj	ɑj	ɑj	ɑj	hɑːɑj	ɑj	ɑj	ɑj	ɑj	ɑj	ɑj	ɑj	ɑjɑq	ɑj	ɑj	ɑj	ɑj	ɑj	ɑj	ɑj	ɔj	ɑj	ɯj
MOON_2			ɑjɣɑrɑːɣə																													
MOUNTAIN OR HILL_1								bɑjɯr															qɯr									
MOUNTAIN OR HILL_2	dɑɣ	tɑw	tɑɣ	tu	dɑɣ	tɑɡ~tɑv	kɑjɑ		tɑw	tɑw	tɑv	tɑw	tɑɣ	tɑːɑɣ	tɑw	too	tɑw	tɑɣ	tɑɣ	tɑɣ	tɑɣ	tɑw		tɑw	dɑɣ	dɑː	dɑɣ	dɑɣ	tɑɣ	tɔɣ	tɑɣ	χɑjɑ
MOUTH_1	ɑɣɯz	ɑwɯð	ɑːɣəs		ɑɣɯz	ɑɡis	ɑɲɑk	ɑːz	ɑwɯz	ɑwuz	ɑvuz	ɑwɯz	ɑɑs	ɑːɣɯz	ɑwuz	ooz	ɑwɯz	ɑɣɯs	ɑɣɯz	ɑɣɯz	ɑqsɯ	ɑwɯs	oos	ɑwɯz	ɑɑs	ɑːɯz	ɑɣɯð	ɑɑs	eɣiz	ɔɣiz	ɑɣɯs~ɑχs	ɑj̃ɑχ
MOUTH_2				ɕøvɑr																												
NAME_1	ɑd		ɑt	jɑt	ɑd	ɑt	ɑːt	ɑd	ɑt	ɑt	ɑd~ɑt	ɑt	ɑt	ɑːt	ɑt	ɑt	ɑt	ɑt	ɑt	ɑt	ɑt	ɑt	ɑt	ɑt	ɑt	ɑd	ɑt	ɑt	ɑt	ɔt	ɑt	ɑːt
NEAR_1							ʧuɡɑs~huɡɑs																		ʧoːɣɑʃ							ʧuɡɑs
NEAR_2	jɑχɯn	jɑqɯn	ʧɑːɣən	ɕɯvɤ̆ʷχ	jɑqun	jɑoh		jɑqɯn	ʒɑqɯn	ʤuwuq	jɑqɯn	ʒɑqɯn	ʧɑɣɯn		juwuq	ʤɑqɯn	juwɯq	cɑɣɯn	jɑɣuq~jɑɣuru	jɑχɯn	ʧɑɣɯn	yɑvɯq~yɑqɯn	juq~juχ	jɑqɯn		jɑkɯn	jɑqɯn	ʧooq	jeqin	jɑqin	jɑqɯn~juqun	
NECK_1	bojun	mujɯn	poːjun	møj	bojun	bojn	muoj	bojun	mojɯn	bojun	bojun	mojɯn	mojɯn	buun	bojun	mojun	mojɯn	mojɯn	bojɯn	poinɯ	mojun	mojun~mojɯn~mujɯn	mojɯn	mujɯn	møen	bojun	bojun	mojun	bojun	bojɯn	moin	moːy
NEW_1	jeni	jɑŋɯ	nʲɑɑ	ɕɘnɘ	jɑŋɯ	iɑnɡi~jɑnɡi	hɑŋɑ	jeni	ʒɑŋɑ	ʤɑŋɯ	jɑnɣɯ	ʒɑŋɑ	nɑɑ	jɛŋɡi	jɑŋɯ	ʤɑŋɯ	jɑŋɯ	ɲɑŋɯ~jɑː	jɑŋɯ	jɑŋɯ	nɑː	jɑŋɑ	ɟɑŋɯ	jɑŋɑ	ɲɑɑ	jeni			jeŋi		jɑŋɯ~jɑŋɑ	sɑŋɑ
NIGHT_1		tøn	tyn			tun	tyːn		tyn			tyn	tyn			tyn	tyn	tyn	tyn		tyn	tøn~tyn	tyn	tøn	dynne			dyn	tyn		tyn	tyːn
NIGHT_2	ɟeʤæ				ɡeʤe			ɡeʤɛ		keʧe	keʧɛ~keʦe			kiːeʧɛ	ɡeʧe		keʃe			ɡeʤe						ɟeʤe	ɡiʤe			keʧɑ		
NIGHT_3			qɑrɑ										χɑrɑɑ																			
NIGHT_4				ɕɘ̆ʷr																												
NOSE_1																									hɑɑj			χɑɑj				
NOSE_2																															qɑŋrɯq	
NOSE_3																							tumʧuq					dumʧuq				
NOSE_4	burun		purun		burun	burun~buen~bin	munnu	burnu	murɯn	burun	burun	murɯn	purun	burɯn	burun	murun	burɯn	burun	burun	purnɯ	purnu	morɯn~murɯn		borɯn		burun	burun		burun	burun		murun
NOT_1	mɑ	mɑ	bɑ	mɑ	mɑ	mɑ	bɑ	mɑ	mɑ~bɑ~pɑ	mɑ	mɑ	mɑ	bɑ~pɑ~mɑ	mɑ	mɑ	bɑ	mɑ~bɑ~pɑ	bɑ	mɑ	mɑ	pɑ~bɑ~mɑ	mɑ	mɑ~bɑ	mɑ	bɑ~vɑ~pɑ	mɑ	mɑ	mɑ	mɑ	mɑ	mɑ~pɑ	mɑ~bɑ
NOT_2																												eves			emes~emestro~emeser	
OLD (USED)_1		iθke	ɛrɡe		eski	eski	erɡe	eski	eski	eski	eski	eskɘ	irɡɘ		esɡi	esci	eski	eski	eski	eski	eski	ëski	eski	iske	eˤrhi	esci		erɡi	ɛski	eski	erke	erɡe
OLD (USED)_2				kivɘ																												
ONE_1	bir	ber	pɘr	pɘrre~pɘr	bir	bir	biːr	bir	bir	bir	bir	bɘr	pɘr	biː	bir	bir	bir	pir~bir~mir~vir	bir	bir	pir	pir	bir	ber	bɘr~bɘrɛɛ	bir	bir	bir	bir	bir	per~pɯr	biːr
PERSON_1		keʃe	kɘzɘ			kisi	kihi				kiʃi	kɘsɘ	kɘzɘ		ɡiʃi	ciʃi	kisi	kiʒi~kiʤi	kiʃi	kiʃ	kiʒi	kiʃi	kiʒi	keʃe	kiʃi	ciʃi		kiʒi	kiʃi	kiʃi	kise	kihi
PERSON_2				ɕɯn															jɑlŋuq													
RAIN (PRECIPITATION)_1	jɑɣɯʃ	jɑmɣɯr		ɕumɤ̆ʷr	jɑɣɯʃ	jɑmɡur	hɑmɯːr	jɑːmur	ʒɑwɯn	ʤɑŋur~ʤɑwun	jɑmɣur	ʒɑŋbɯr~ʒɑwɯn	nɑŋmɯr	jɑɣɯʃ	jɑŋur~jɑwun	ʤɑmɣɯr	jɑmɣɯr	ɲɑŋmɯr~ɲɑnmɯr~nɯŋmɯr	jɑɣmur	jɑɣmur	nɑɣbur	jɑnɣɯr	ɟɑɑʃ~ɟɑŋmɯr	jɑnʁɯr		jɑːmur	jɑɣɯʃ~jɑɣmɯr		jɑmɣur	jɔmɣir	jɑɣmɯr	sɑmɯːr
RAIN (PRECIPITATION)_2			suɣ																													
RAIN (PRECIPITATION)_3																									øˤsken							
RED_1		qɯðɯl	qəzəl	χɘrlɘ	kɯzil	kezel	kɯhɯl		qɯzɯl	qɯzɯl	kɯzɯl~kizɯl	qɯzɯl	χɯzɯl	qɯzɯl	qɯzɯl	qɯzɯɫ	qɯzɯl	qɯzɯl	qɯzɯl	qɯsɯl~qɯzɯl	qɯzɯl	qɯzɯl	qɯzɯl	qɯzɯl	qɯzɯl		ɡɯðɯl	qɯzɯl	qizil	qizil	qɯzɯl	kɯhɯl
ROOT_1	cøc							køk																		cøc	køk					
ROOT_2																				ozeχ												
ROOT_3			ʧəltəs				hilis												jɯltɯz		ʧɯltɯs				sɯldɯs				jiltiz~ʒiltiz	ildiz	jɯltɯs	silis
ROOT_4		tɑmɯr		tɯmɑr	tɑmɯr				tɑmɯr	tɑmɯr	tɑmur	tɑmɯr			tɑmur	tɑmɯr	tɑmɯr	tɑzɯl			tɑzɯl	tɑmɯr~tɑzɯl	tɑzɯl	tɑmɯr				dɑzɯl	tomur			
ROOT_5						tub																										
ROPE_1	ip				jip				ʒip		jip	ʒɘp				ʤip						jip				ip	jyp				jep~jip	
ROPE_2		bɑw	pɑɣ	pɤ̆ʷjɑv			bɯɑ		bɑw			bɑw	pɑɣ				bɑw	pɑɣ			pɑɣ		buː	bɑw	bɑɣ						pɑɣ	bɯɑ
ROPE_3								ʧɑtɯ																								
ROPE_4		ɑrqɑn		vɘ̆ʷren	ɑrqɑn	ørken			ɑrqɑn		ørken~erken	ɑrqɑn			ɑrqɑn		ɑrqɑn		uruq	urχɑn						urɡɑn				ɑrqɔn	uruq	
ROPE_5	cændir			kɑndrɑ												cøtørmø												χendir				
ROUND_1	jumru	jomoro							ʒumɯrɯ			ʒʊmɯr				ʤumuru								jomrɯ								
ROUND_2		tumɑlɑq	ʧumɑq		tomɑlɑq	juɡɑlɑk		juvɑrlɑk	domɑlɑq~dumɑlɑq~ʒumɑlɑq		jumɑlɑk	domɑlɑq	nɯmɑlɑχ			toɣoɫoq	tɯmɑlɑq									juvɑrɫɑk			domulɑq~jumulɑq~ʒumulɑq	dumɑlɔq~jumɑlɔq		
ROUND_3						teɡirmɑ	tøɡyryk						terpek			teɟerec			teɣirmi				teɣerik			deːirmi						tøɡyryk
ROUND_4	døvreli					ʧourɑ																			tøørej							
ROUND_5				ɕɑvrɑɡɑ																												
ROUND_6														ɡildir																		
SALT_1	duz	toð	tus	tøvɑr	tuz	tus	tyːs	tuz	duz	tuz	tuz	tʊz	tus	tuz	tuz	tuz	tuz	tus	tuz	duz~dyz~tyz	tus		tus	toz	tus	tuz	duð	dus	tuz	tuz	tuz	tuːs
SAND_1				χɤ̆ʷjɤ̆ʷr											qɑjɯr		qɑjɯr															
SAND_2	ɡum	qom	qum		qum	kum~kun	kumɑk	kum	qum	qum	kum	qʊm	χum		χum	qum	qum	quvɑq~qum	qum	kum	qumɑq	qum		qom	hum	kum			qum	qum	qum~qom	kumɑχ
SAND_3																											ʧɛɡe					
SAY_1	søjlæ							søle																		søjlʲe						
SAY_2																												ʧuɣɑːlɑ				
SAY_3	de	ti		te		de	die	de	de	de					de	de	de	de	teː	tɛ~ti		të	de	di	de	de	dij		dɛ	de	ti	die
SAY_4		ɛjt	ɑjt		ɑjt	ɑjt			ɑjt	ɑjt	ɑjt	ɑjt		hɑːj		ɑjt	ɑjt	ɑjt		ejʃɑ	ɑjt	ɛjt	ɑjt	ɛjt			ɑjt		ejt	ɑjt	ɑj	
SAY_5													ʧooχtɑ																			
SEE_1	ɟør	kyr	korʲ	kur	kør	kor	kør	ɡør	kør	kør	kør~ker	kør	kør	ker	ɡør	cør	kør	kør	kør	kør	kør	kør	kør	kyr	kør	ɟør	ɡør	kør	kør	kor	kør~kyr	kør
SEED_1		orloq		vørø	urluq	uru~ourluk				urluq	urluk	ʊrɯq			urluq	uruq	urlɯq		uruɣ	urluχ				orlɯq					uruq	uruɣ		
SEW_1																		køktø					køktø									
SEW_2	tic	tek	tɘk		tik	tik	tik	dik	tik	tik	tik	tɘk	tɘk	tik	tik	tic	tik	tik		tiχ	tik	tik		tek		dic	tik		tik	tik	tek~tɯq	tik
SEW_3																									dɑɑrɑ			dɑːrɑ				
SEW_4				ɕɘ̆ʷle																												
SHARP_1																qurʧ							qurʧ									
SHARP_2					keskin			keskin						kɛsɡili												cescin						
SHARP_3		ytker							øtkir			øtkɘr				øtcyr	øtkir	øtkyr					øtkyr~ødyr	ytken					øtkyr	otkir		
SHARP_4	iti		ʧɘdɘɣ	ɕivɘʧ		iti	hɯtɯː			ʤiti	iti		ʧɘtɘɡ	jitdi~jittiː	itti				jiti~jitti		ʧidiɡ				ʧiˤtɘ		jiti	ʧidiɡ			ɯʃtɯɣ	sɯtɯː
SHORT_1	ɡɯsɑ	qɯsqɑ	qəsqɑ	kɘske	qɯsqɑ	kiʃkɑ	kɯlɡɑs	kɯsɑ	qɯsqɑ	qɯsχɑ	kɯskɑ	qɯʃqɑ	χɯsχɑ		qɯsɣɑ	qɯsqɑ	qɯsqɑ	qɯsqɑ	qɯsɡɑ	χɯsχɑ	qɯsqɑ	qɑrsɑq	qɯsχɑ	qɯsqɑ	qɯˤsqɑ	kɯsɑ	ɡɯθɡɑ	qɯsqɑ	qisqɑ		qɯsqɑ	kɯlɡɑs
SIT_1	otur	ultɯr	oːlur	lɑr	otur	oltur	olor	otur	otɯr	oltur	oltur	otɯr	odɯr	juor	oltur	otur	oltɯr	otur	olur	otɯr	odur	otɯr	otɯr	utɯr	olur~olɯr	otur	otur	olur	oltur	otir	oltur	olor
SKIN_1			ʧɑmɑɣ																													
SKIN_2						bilɑu																										
SKIN_3																									keˤʃ			keʃ				
SKIN_4	dæri	tire		tirɘ	teri		tiriː	deri	teri	teri	teri	terɘ	teːr	tɛri	teri	teri	teri	tere	teri	tir	tere	tɛri	tere	tire		deri	deri		terɛ	teri	ter~tere	tiriː
SKY_1							kɑllɑːn												qɑlɯq													χɑllɑːn
SKY_2				tybe									tiɡɘr					teɡri	teŋri		teɡri		teŋeri		deːre			deer			teŋir	
SKY_3	ɟøj	kyk	kunʲ		kok	kok		ɡøk		køk	køk				køk	cøc	køk	køk	køk			køk		kyk		ɟøc						
SLEEP_1			uzu			uju	utuj	uju					uzu						udɯ		uzu				udu	uju		udu			uzu	utuj
SLEEP_2		joqlɑ			juqlɑ				ujqɯlɑ	ʤuqlɑ	juklɑ	ʊjɯqtɑ			juχlɑ	uqtɑ	ujqlɑ	ujqtɑ~ujttɑ		uχlɑ		joqlɑ~juqlɑ	uχtɑ	joqlɑ			uqlɑ		uχlɑ	uχlɑ		
SLEEP_3	jɑt													jɑt													jɑt					
SLEEP_4				ɕɯvɤ̆ʷr																												
SMALL_1					ufɑʧɯq																					ufɑk						
SMALL_2							kyʧʧyɡyj																									kuʧːuɡuj
SMALL_3		bɛlɛkɛj~bɛlɛkɛs																														
SMALL_4	ciʧic		kɘʧeeʧ			kyʧe~kiʧi		kyʧyʤyk	kiʃkene~kiʃkentɑj	ɡitʧe	kiʧi~kiʦi	kɘʃkene~kɘʃkentɑj	kɘʧiʤek		ɡiʧʧi	ciʧine	kiʃkej	kiʤiɡ~kiʧi~kiʧinek~kiʧeʧ~kiʧy	kiʧiɡ	kiʧi~kiʤi	kiʧiɡ	kiʧy	kiʧi	keʧkenɛ		cyʧyc	kiʧi		kiʧik	kiʧkinɑ	kiʧiɡ	
SMOKE (EXHAUST)_1													ɯs										ɯʃ		ɯʃ			ɯʃ	is~ɛs		ɯs	
SMOKE (EXHAUST)_2							buruo																									buruo
SMOKE (EXHAUST)_3	tysty	tøtøn	tydyn	tɘ̆ʷdɘ̆ʷm	tytyn	tutum~tutun		tytyn	tytin	tytyn	tytyn~tytsy	tytɘn	tydyn	tityn	tytyn	tytyn	tytin	tydøk	tytyn	ʦyʦyn~ʤyʤyn	tydyn	totin		tøten			tyθθe			tutun		
SMOKE (EXHAUST)_4																										dumɑn						
SNAKE_1	ilɑn	jɯlɑn		ɕɘlen	jɯlɑn	ilɑn~ɡillɑn~jlɑɡɑn		jɯlɑn	ʒɯlɑn	ʤɯlɑn	jɯlɑn~ilɑn	ʒɯlɑn	ʧɯlɑn	jilɑːn	jɯlɑn	ʤɯɫɑn	jɯlɑn	cɯlɑn	jɯlɑn	jilɑn	ʧɯlɑn	jɯlɑn	ɟɯlɑn	jɯlɑn		jɯɫɑn	jɯlɑn	ʧɯlɑn	ilɑn~ʒilɑn	ilɔn	jɯlɑn	
SNAKE_2																									ʧer bɑlɯː							
SNAKE_3																																erien yøn
SNAKE_4			uzunɣurt																													
STAND_1	dur	tor	tur	tør	tur	tur	tur	dur	tur	tur	tur	tur	tur	tur	tur	tur	tur	tur	tur	dɯr	tur	tor~tur	tur	tor	tur	dur	dur	tur	tur	tur	tur	tur
STAR_1	ulduz	jondoð	ʧəltəs	ɕøldør	jɯldɯz	juldus	hulus	jɯldɯz	ʒuldɯz	ʤulduz	julduz~jolduz~jɯldɯz	ʒʊldɯz	ʧɯltɯs	julduz	julduz	ʤɯɫdɯz	juldɯz	jɯldɯs	jultuz	jultus~jiltis	ʧɯltɯs		ɟɯldɯs	joldɯz	sɯltɯs	jɯɫdɯz	jɯldɯð	sɯldɯs	jultuz~ʒultuz	julduz	jultɯs~jɯltɯs	sulus
STONE_1	dɑʃ	tɑʃ	tɑs	ʧul	tɑʃ	tɑs~tɑʃ	tɑːs	tɑʃ	tɑs	tɑʃ	tɑʃ	tɑs	tɑs	tɑːɑʃ	tɑʃ	tɑʃ	tɑs	tɑʃ~tɑs	tɑʃ	tɑʃ	tɑʃ	tɑʃ	tɑʃ	tɑʃ	dɑʃ	tɑʃ	dɑʃ	dɑʃ	tɑʃ	tɔʃ	tɑs	tɑːs
STONE_2			sɑjdɑːzə																													
SUCK_1	æm	im	ɛm	ɘ̆ʷm	em		em	em	em	em	em	em	em	ɛm	em	em	em	ep			em		em	im	em	em	em	em	ɛm	em	em	em
SUCK_2	sor	hur	sor				obor		sor			sor	sor	suor	sor	sor	sor	sor	sor		sor		soor	suɯr	sor		θor	sor	ʃorɑ	sor		obor
SUN_1		qojɑʃ		χɘ̆ʷvel							kujɑʃ											qojɑʃ		qojɑʃ						qujɔʃ		
SUN_2	ɟynæʃ~ɟyn				kyneʃ	kun	kyn	ɡyn~ɡyneʃ	kyn	kyn		kyn	kyn	kyn~kin	ɡyn	cyn	kyn	kyn	kyn	kun	kyn		kyn		hyn	ɟyneʃ	ɡyn	χyn	kyn		kyn	kyn
SUN_3			kunʲɣɑrɑːɣə																													
SWIM_1					jɑldɑ												jɑldɑ															
SWIM_2																															qɑj	
SWIM_3														kirun											eˤhin							
SWIM_4	yz	jøð	ʧys			juz		yz	ʒyz	ʤyz	jyz	ʒyz	ʧys		jyz	syz	jyz	jys	jyz		ʧys	jys	ɟys	jøz		jyz	jyð		yz	suz		
SWIM_5							køp													ʧum												
SWIM_6																												eʃt				
TAIL_1	ɡujruɡ	qojroq	quzuruq	χyre	qujruq	kujruɡ	kuturuk	kujruk	qujrɯq	qujruq	kujruk	qʊjrɯq	χuzuruχ	qurduq	qujruq	qujruq	qujrɯq	qujruq~qujrɯq	qudruq	quruχ~kuruχ	quzuruq	qujrɯq	qujruq	qojrɯq	quduruq	kujruk	ɡujruq	quduruq	qujruq		quzruq	kuturuk
TAKE_1		ɑl	ɑl	il	ɑl	ɑl	ɯl	ɑl	ɑl	ɑl	ɑl	ɑl	ɑl	ɑl	ɑl	ɑɫ	ɑl	ɑl	ɑl	ɑl	ɑl	ɑl	ɑl	ɑl	ɑl	ɑɫ	ɑl	ɑl	ɑl	ɔl	ɑl	ɯl
TAKE_2	ɟøtyr																															
THAT_1																				u									u			
THAT_2	o				o	os ol	ol	o	ol	o	ol		ol	o	o		ol	ol	ol		ol	ul	ol		ol	o	ol			o	ol	ol
THAT_3				leʃ																												
THAT_4		teɡe	tɛɣ													tiɟi								teɡe				døø				
THAT_5												ɑnɑ																				
THEY_1	onlɑr	ulɑr	olɑr		olɑr	ɑlɑr	ɡiniler	onnɑr	olɑr	ɑlɑ	ɑlɑr	olɑr	olɑr	ollɑr	olɑr	ɑɫɑr	olɑr	ɯlɑr~lɑr	olɑr	vulɑr	ɯlɑr		olor	ɑlɑr	olɑrɯŋ	onɫɑr	olɑr	olɑr	ulɑr	ulɑr	qolɑr	kiniler
THEY_2				vɘ̆ʷzem																												
THICK_1	joɣun	jɯwɑn							ʒuwɑn					joɣun					joɣun	joɣɑn		juwɑn	ɟoon	juwɑn	nøon		joɣɯn	ʧoon		joɣɔn	joɣɯn	suon
THICK_2										bɑzɯq	bɑzɯq																					
THICK_3	ɡɑlɯn	qɑlɯn	qɑːləŋ	χulɤ̆ʷn	qɑlɯn			kɑlɯn	qɑlɯn	qɑlɯn	kɑlɯn	qɑlɯŋ	χɑlɯn		qɑlɯn	qɑɫɯn	qɑlɯn		qɑlɯn		qɑlɯn		qɑlɯn	qɑlɯn	hɯlɯn	kɑɫɯn	ɡɑlɯŋ	qɯlɯn	qelin	qɑlin	qɑlɯn	χɑlɯŋ
THICK_4																	dombɑj															
THIN_1		joqɑ	ʧuɣɑʤɑːq	ɕuɣɑ	jufqɑ				ʒuqɑ	ʤuqɑ		ʒʊqɑ	ʧuɣɑ			ʤuqɑ	juqɑ		juqɑ	joχpɑ	ʧuɣɑ		ɟuqɑ	juqɑ	ʧuɣɑ		juqɑ	ʧuɣɑ	jupqɑ~juqqɑ~ʒupqɑ	jupqɑ	juqɑ	
THIN_2							hinnʲiɡes																									sinɲiɡes
THIN_3	inʤæ			ɕinʑe	inʤe			inʤɛ	ʒiŋiʃke	iŋiʧke	inʧke	ʒɘŋɘʃke	nɘske			iʧce	jiŋiʃke	ʧiʧke	jinʧɡe	lɛʃki~neʃke				neʧkɛ	niŋɡe	inʤe	inʧe	ʧiŋɡe	inʧike~iŋiʧke	iŋiʧkɑ	ʃike	
THIN_4			ʧɘʧkæʤeːk																													
THINK_1		ujlɑ			ojlɑ				ojlɑ	ojlɑ		ojlɑ			ojlɑʃ	ojɫɑ	ojlɑ					ojlɑ		ujlɑ					ojlɑ	ojlɑ		
THINK_2				ʃuɣɤ̆ʷʃlɑ																												
THINK_3																												bodɑ				
THINK_4			sɑːɣən			sɑɡin					sɑɣɯn		sɑɣɯn	sɑn				sɑnɑ~sɑɣɯn	sɑqɯn		sɑnɑn		sɑnɑ		sɑɣɯn						sɑqɯn	sɑnɑ
THINK_5	dyʃyn		pøːɡun		tysyn			dyʃyn													pøɡyn					dyʃyn						
THIS_1	bu	bɯl	pu		bu	bu	bu	bu	bul	bu	bu	bʊl	pu	bo	bu	bu	bu	po	bu	bu	po	bu	pu	bu	bo	bu	bu	bo	bu	bu	pu	bu
THIS_2				ku																												
THOU_1	sæn	hin	sɛn		sen	sen	en	sɛn	sen	sen	sen	sen	sin	sɛn	sen	sen	siz	sen	sen	sen	sen	sin	sen	sin	sen	sen	θen	sen	sɛn	siz	sen	en
THOU_2				ezɘ																												
THREE_1	yʧ	øs	yʧ	viɕɕɘ~viʑɘ~viɕ	yʧ	uʧ	ys	yʧ	yʃ	yʧ	yʧ	yʃ	ys	yːʧ	yʧ	yʧ	yʃ	yʧ~yʃ	yʧ	uʃ	yʃ	øʧ	yʧ	øʧ	yʃ	yʧ	yʧ	yʃ	yʧ	uʧ	yʃ~uʃ	ys
THROW_1									ɯlɑqtɯr			lɑqtɯr					bɯlɑqtɯr															
THROW_2		bɛr		pɤ̆ʷrɑχ~per			bɯrɑk																									bɯrɑχ
THROW_3		tɑʃlɑ	tɑstɑ						tɑslɑ			tɑstɑ	tɑstɑ		tɑʃlɑ	tɑʃtɑ	tɑslɑ				tɑʃtɑ	tɑʃlɑ	tɑʃtɑ	tɑʃlɑ			tɑʃlɑ	dɑʒɑ	tɑʃlɑ	tɑʃlɑ	tɑrdɑ	
THROW_4		ɯrɣɯt														ɯrʁɯt												oqtɑ				
THROW_5	ɑt			ɯvɤ̆ʷt	ɑt			ɑt	ɑt	ɑt	ɑt			hɑt					ɑt			ɑt		ɑt		ɑt			ɑt	ɔt		
THROW_6																									qɑɣ							
THROW_7										silde			sil					ʧel														
THROW_8							keːs												kemiʃ													kebis~keːs
TONGUE_1	dil	tel	tɘl	ʧɘlɣe	til	til	tɯl	dil	til	til	til	tɘl	tɘl	til	til	til	til	til	tɯl	ʦil	til	til	til	tel	dɯl	dilʲ	dil	dɯl	til	til	tel	tɯl
TOOTH_1	diʃ	teʃ	tɘs		tiʃ	tis	tiːs	diʃ	tis	tiʃ	tis~tiʃ~diʃ	tɘs	tɘs	tiːiʃ	tiʃ	tiʃ	tis	tiʃ	tiʃ	tiʧ	tiʃ		tiʃ	teʃ	dɘʃ	diʃ	diʃ		ʧiʃ	tiʃ	tɯs~tes	tiːs
TOOTH_2				ʃɤ̆ʷl																												
TREE_1	ɑɣɑʤ	ɑɣɑs	ɑɑʧ	jɯvɤ̆ʷɕ			mɑs	ɑːʧ	ɑɣɑʃ			ɑɣɑʃ	ɑɣɑs	hɑɣɑʧ		ʤɯɣɑʧ		ɑɣɑʃ	ɯɣɑʧ	ɑɣɑʧ	ɑɣɑʃ	ɑɣɑʦ	ɑɣɑʃ	ɑɣɑʧ	neʃ	ɑːɑʧ	ɑɣɑʧ	ɯjɑʃ	jɑɣɑʧ			mɑs
TREE_2					terek	terɑk				terek	tørɛk				terek		terek														terek	
TREE_3																			søɡyt													
TWO_1	ici	ike	iɡɘ	ikkɘ~iɡɘ~ik	eki	eki	ikki	iki	eki	eki	eki	ekɘ	ɘkɘ	ɛkki	eki	eci	eki	eki~ekki	eki~iki	iʃki~iʧki	ijɡi	ëki~eki	eki	ike	iˤhi	ici	iki	iji	ikki	ikki	iʃke	ikki
VOMIT_1	ɡus	qoθ	qus	χøs	qus	kus		kus	qus	qus	kus	qʊs	χus	qus	qus	qus	qus	qus	qus				qus	qos	quˤs	kus	ɡuθ	qus	qus	qus	qus	
VOMIT_2																																χotuolɑː
WALK_1	jeri	jør	ʧør	ɕyre	jyr	jur	hɯrɯt		ʒyr	ʤyry	jyry	ʒyr	ʧør	jorɯ	jyry	ʤyr	jyr	cor	jorɯ	jyr~jer	ʧør	jør		jør	ʧoru	jyry	jøre	ʧoru	ʒyr	jur		
WALK_2	ɟæz							ɡez																								
WALK_3							bɑr											pɑs~bɑs					bɑs								pɑr~vɑr	
WALK_4																																χɑːmp
WARM_1		jɯlɯ	ʧələɣ						ʒɯllɯ	ʤɯlɯ	jɯlɯ	ʒɯlɯ	ʧɯlɯɣ		jɯlɯ	ʤɯɫuu	jɯlɯ	jɯlɯɣ	jɯlɯɣ		ʧɯlɯɣ		ɟɯlu	ʤɯlɯ	ʧɯlɯɣ	ɯɫɯk	jɯlɯ	ʧɯlɯɣ	illiq	iliq	jilɯɣ	sɯlɑːs
WARM_2					sɯʤɑq			sɯʤɑk																								
WARM_3				ɤ̆ʷʒɤ̆ʷ		issi	itiː				issi			hissiː	issi					ɯssɯ										issiq		
WARM_4							iciɡes																									
WATER_1	su	hɯw	suɣ	ʃɯv	suw	su	uu	su	suw	suw	suv	su	suɣ	suw	suw	suu	suw	suɣ	suv	su	suɣ	su	suː	su	suɣ	su	θuw	suɣ	su	suv	su	uu
WE_1	biz	beð	pɘs	ebir	biz	biz	bihiɡi	biz	biz	biz	biz	bɘz	pɘs	biz	biz	biz	biz	pis	biz	piser	pis	biz	bis	bez	bister	biz	bið	bis	biz	biz	mɯs~mɯster	bihiɡi
WET_1	jɑʃ	eweʃ						jɑʃ			jɑʃ~jivis~jyvyʃ									ojʃi~uːʃ				jyjeʃ								
WET_2										ʤibiɡen								jibiɡ													ʃɯdɯq~ʃidɯk~ʃɯtɯq	
WET_3							nʲɯlʧɑɡɑj																									inʧeɣej
WET_4									høl				øl	heːl~hiːel						uːse	øl				øl		øl	øl	høl	hol		
WET_5					sɯlɑq																					ɯsɫɑk						
WET_6			suɣluɣ							suu		su			suw	suu	suw	suɣ					suulu	sulɯ						suv		
WHAT_1																									ʧy			ʧy				
WHAT_2	næ	ni~nimɛ	nøme	mɘn	ne	ne		ne~nɑʃej	ne	ne	ne	ne	nime	nɛːsɛ	ne	emne	ne	ne~ɲime~nime	ne	nɛ	noː	nemɛ	neme	ni		ne	nɛme		nimɛ	nimɑ	ni~ne	
WHAT_3																																tuoχ
WHERE_1					ne jerde			neredi	qɑj ʒerde					nieːdɛ	ne jerde		qɑjerde									nerede	nirede		qɑjsi jerde~qɛjɛrdɛ	qɑjerdɑ		
WHERE_2	hɑrɑdɑ	qɑjðɑ	qɑjdɑ	ɤ̆ʷɕtɑ	qɑjdɑ	kɑjdɑ~kɑni	kɑnnɑ		qɑjdɑ	qɑjdɑ~qɑlɑjdɑ	kɑjdɑ	qɑjdɑ	χɑjdɑ	qɑː	qɑjdɑ	qɑjdɑ	qɑjdɑ	qɑjt~qɑjdɑ	qɑjudɑ~qɑndɑ	qɑjdɑ~qɑjtɑ	qɑjdɑ	qɑjdɑ	qɑjdɑ	qɑjdɑ	qɑjdɑ			qɑjdɑ~qɑjɑː	qeni		qɑjtɑ~qɑn	χɑnnɑ
WHITE_1	ɑɣ	ɑq	ɑqβus		ɑq	ɑk		ɑk	ɑq	ɑq	ɑk	ɑq	ɑχ		ɑq	ɑq	ɑq	ɑq		ɑχ	ɑq	ɑq	ɑq	ɑq	ɑq		ɑq	ɑq	ɑq	ɔq	ɑq	
WHITE_2														hyryn					yryŋ													yryŋ
WHITE_3				ʃurɤ̆ʷ																												
WHO_1	cim	kem	kɘm	kɑm	kim	kym~kim	kim	kim	kim	kim	kim	kɘm	kem	kim	kim	cim	kim	kem	kem	kem	kem	kim	kem	kem	qum	cim	kim	qɯm	kim	kim	kim	kim
WIDE_1	ɟeniʃ	kiŋ			keŋ~keniʃ		ketit	ɡeniʃ	keŋ	keŋ	ken	keŋ		kiːeŋ	ɡeŋ	ceŋ	keŋ	keŋ	keŋ			kɛŋ	keŋ	kiŋ		ɟeniʃ	ɡiŋ		kɛŋ	keŋ	keŋ	kieŋ
WIDE_2													ɑllɯɣ												ɑˤlhɯɣ							
WIDE_3			ʧɑlβɑq	sɑrlɑɡɑ									ʧɑlbɑχ								ʧɑlbɑq	jɑlbɯrsɑq	ɟɑlbɑχ									
WIND_1																									qɑt			χɑt				
WIND_2							tɯɑl																									tɯɑl
WIND_3	jel	jel	ʧɛl	ɕil	jel	jel			ʒel	ʤel	jel	ʒel	ʧil	jel	jel		jel		jel	jel		yël		ʤil			jel				jil~jɯl	
WING_1	ɡɑnɑd	qɑnɑt	qɑnɑt	ɕunɑt	qɑnɑt	hɑnɑt	kɯnɑt	kɑnɑt	qɑnɑt	qɑnɑt	kɑnɑt	qɑnɑt	χɑnɑt		qɑnɑt	qɑnɑt	qɑnɑt	qɑnɑt	qɑnɑt	qɑnɑt	qɑnɑt	qɑnɑt	qɑnɑt	qɑnɑt	hɑnɑt	kɑnɑt	ɡɑnɑt		qɑnɑt	qɑnɔt	qɑnɑt~qɯjnɑt	kɯnɑt
WING_2																												ʧɑlɣɯn				
WOMAN_1													ipʧɘ kɘzɘ					tiʒi kiʒi			tiʒi kiʒi		yjkiʒi									
WOMAN_2						tusi				tiʃirɯw				kiʃi					tiʃi													
WOMAN_3																		epʧi	evʧi		epʧi											
WOMAN_4																															sɛʤdɯɣ	
WOMAN_5					qɯsqɑjɑqlɯ												qɯsqɑjɑqlɯ															
WOMAN_6	ɡɑdɯn	qɑtɯn	qɑtkɘzɘ		qɑdɯn	kɑtu~kɑtun		kɑrɯ	qɑtɯn		qɑtɯn				qɑtɯn ɡiʃi		χɑtɯnqɯz~χɑtɯn	qɑt		qɑːtɯn keːʃ		qɑtɯn		χɑtɯnqɯz~χɑtɯn		kɑdɯn				χɔtin~χɔtin		
WOMAN_7				χɘrɑrɤ̆ʷm																					qoˤrhɯɲɑq							
WOMAN_8																												χereeʒen				
WORM_1	ɡurd		qurt	χurt	qurt	kurt		kurt	qurt	qurt	kurt	qʊrt	χurt	quːrt	χurt	qurt	qurt	qurt	qurt		qurt	qort	qurt	qort	quˤrt	kurt	ɡurʧuq	qurt	qurut			
WORM_2			søøskæj																													
WORM_3																søølʤɑn																
WORM_4	soχulʧɑn	selɛwsen			sɯvɑlʧɑn												ʃɯlɑwʃɑn			suɡulʤɯŋ	ʃoːʃqɑn		ʧojloʃqon	suɑlʧɑn	ʃojlɑʃqɑn	soɫuʤɑn			ʧuvɑlʧɑŋ	ʧuvɑlʧɑŋ		
WORM_5				ømɑn																												
YEAR_1	il	jɯl	ʧɯl	ɕul	jɯl	ɡil~jil		jɯl	ʒɯl	ʤɯl	jɯl~il			jil	jɯl	ʤɯɫ	jɯl	cɯl	jɯl	jel~jɯl~jil	ʧɯl	jɯl	ɟɯl		ʧɯl	jɯɫ	jɯl	ʧɯl	ʒil	jil	jɯl	sɯl
YELLOW_1							hɑhɑrkɑj																									sɑhɑrχɑj
YELLOW_2	sɑrɯ	hɑrɯ	sɑːrəɣ		sɑrɯ	sɑri		sɑrɯ	sɑrɯ	sɑrɯ	sɑrɯ	sɑrɯ	sɑrɯɣ	ʧɑqɯr		sɑrɯ	sɑrɯ	sɑrɯ	sɑrɯɣ	sɑrɯ	sɑrɯɣ	sɑrɯ	sɑrɯ	sɑrɯ	sɑrɯɣ	sɑrɯ	θɑrɯ	sɑrɯɣ	seriq	sɑriq	sɑrɯɣ	
YELLOW_3																																ɑrɑɣɑs
YELLOW_4							hɑhɯl																									
